appid,name,steam_url,imho_url,mode,release_year,reviews_bucket
1222700,A Way Out,https://store.steampowered.com/app/1222700/,https://imho.run/games/1222700/a-way-out?utm_source=github,online+local,2020,20k+
2399830,ARK: Survival Ascended,https://store.steampowered.com/app/2399830/,https://imho.run/games/2399830/ark-survival-ascended?utm_source=github,online+local,2023,20k+
238460,BattleBlock Theater®,https://store.steampowered.com/app/238460/,https://imho.run/games/238460/battleblock-theater?utm_source=github,online+local,2014,20k+
291550,Brawlhalla,https://store.steampowered.com/app/291550/,https://imho.run/games/291550/brawlhalla?utm_source=github,online+local,2017,20k+
274190,Broforce,https://store.steampowered.com/app/274190/,https://imho.run/games/274190/broforce?utm_source=github,online+local,2015,20k+
204360,Castle Crashers®,https://store.steampowered.com/app/204360/,https://imho.run/games/204360/castle-crashers?utm_source=github,online+local,2012,20k+
435150,Divinity: Original Sin 2 - Definitive Edition,https://store.steampowered.com/app/435150/,https://imho.run/games/435150/divinity-original-sin-2-definitive-edition?utm_source=github,online+local,2017,20k+
2195250,EA SPORTS FC™ 24,https://store.steampowered.com/app/2195250/,https://imho.run/games/2195250/ea-sports-fc-24?utm_source=github,online+local,2023,20k+
2669320,EA SPORTS FC™ 25,https://store.steampowered.com/app/2669320/,https://imho.run/games/2669320/ea-sports-fc-25?utm_source=github,online+local,2024,20k+
1811260,EA SPORTS™ FIFA 23,https://store.steampowered.com/app/1811260/,https://imho.run/games/1811260/ea-sports-fifa-23?utm_source=github,online+local,2022,20k+
1665460,eFootball™,https://store.steampowered.com/app/1665460/,https://imho.run/games/1665460/efootball?utm_source=github,online+local,2021,20k+
1506830,FIFA 22,https://store.steampowered.com/app/1506830/,https://imho.run/games/1506830/fifa-22?utm_source=github,online+local,2021,20k+
1426210,It Takes Two,https://store.steampowered.com/app/1426210/,https://imho.run/games/1426210/it-takes-two?utm_source=github,online+local,2021,20k+
620,Portal 2,https://store.steampowered.com/app/620/,https://imho.run/games/620/portal-2?utm_source=github,online+local,2011,20k+
108600,Project Zomboid,https://store.steampowered.com/app/108600/,https://imho.run/games/108600/project-zomboid?utm_source=github,online+local,2013,20k+
1128810,RISK: Global Domination,https://store.steampowered.com/app/1128810/,https://imho.run/games/1128810/risk-global-domination?utm_source=github,online+local,2020,20k+
252950,Rocket League®,https://store.steampowered.com/app/252950/,https://imho.run/games/252950/rocket-league?utm_source=github,online+local,2015,20k+
2001120,Split Fiction,https://store.steampowered.com/app/2001120/,https://imho.run/games/2001120/split-fiction?utm_source=github,online+local,2025,20k+
413150,Stardew Valley,https://store.steampowered.com/app/413150/,https://imho.run/games/413150/stardew-valley?utm_source=github,online+local,2016,20k+
313120,Stranded Deep,https://store.steampowered.com/app/313120/,https://imho.run/games/313120/stranded-deep?utm_source=github,online+local,2022,20k+
286160,Tabletop Simulator,https://store.steampowered.com/app/286160/,https://imho.run/games/286160/tabletop-simulator?utm_source=github,online+local,2015,20k+
470220,UNO,https://store.steampowered.com/app/470220/,https://imho.run/games/470220/uno?utm_source=github,online+local,2017,20k+
204300,Awesomenauts,https://store.steampowered.com/app/204300/,https://imho.run/games/204300/awesomenauts?utm_source=github,online+local,2012,5k+
371970,Barony,https://store.steampowered.com/app/371970/,https://imho.run/games/371970/barony?utm_source=github,online+local,2015,5k+
692850,Bloodstained: Ritual of the Night,https://store.steampowered.com/app/692850/,https://imho.run/games/692850/bloodstained-ritual-of-the-night?utm_source=github,online+local,2019,5k+
1686940,Bopl Battle,https://store.steampowered.com/app/1686940/,https://imho.run/games/1686940/bopl-battle?utm_source=github,online+local,2023,5k+
397900,Business Tour - Board Game with Online Multiplayer,https://store.steampowered.com/app/397900/,https://imho.run/games/397900/business-tour-board-game-with-online-multiplayer?utm_source=github,online+local,2017,5k+
476600,Call of Duty®: WWII,https://store.steampowered.com/app/476600/,https://imho.run/games/476600/call-of-duty-wwii?utm_source=github,online+local,2017,5k+
2567870,Chained Together,https://store.steampowered.com/app/2567870/,https://imho.run/games/2567870/chained-together?utm_source=github,online+local,2024,5k+
330020,Children of Morta,https://store.steampowered.com/app/330020/,https://imho.run/games/330020/children-of-morta?utm_source=github,online+local,2019,5k+
1637320,Dome Keeper,https://store.steampowered.com/app/1637320/,https://imho.run/games/1637320/dome-keeper?utm_source=github,online+local,2022,5k+
2280,DOOM + DOOM II,https://store.steampowered.com/app/2280/,https://imho.run/games/2280/doom-doom-ii?utm_source=github,online+local,2007,5k+
3405690,EA SPORTS FC™ 26,https://store.steampowered.com/app/3405690/,https://imho.run/games/3405690/ea-sports-fc-26?utm_source=github,online+local,2025,5k+
4080220,EA SPORTS FC™ 27,https://store.steampowered.com/app/4080220/,https://imho.run/games/4080220/ea-sports-fc-27?utm_source=github,online+local,2026,5k+
410320,EARTH DEFENSE FORCE 4.1 The Shadow of New Despair,https://store.steampowered.com/app/410320/,https://imho.run/games/410320/earth-defense-force-4-1-the-shadow-of-new-despair?utm_source=github,online+local,2016,5k+
1007040,EARTH DEFENSE FORCE 5,https://store.steampowered.com/app/1007040/,https://imho.run/games/1007040/earth-defense-force-5?utm_source=github,online+local,2019,5k+
2108330,F1® 23,https://store.steampowered.com/app/2108330/,https://imho.run/games/2108330/f1-23?utm_source=github,online+local,2023,5k+
527230,For The King,https://store.steampowered.com/app/527230/,https://imho.run/games/527230/for-the-king?utm_source=github,online+local,2018,5k+
1676840,For The King II,https://store.steampowered.com/app/1676840/,https://imho.run/games/1676840/for-the-king-ii?utm_source=github,online+local,2023,5k+
1097840,Gears 5,https://store.steampowered.com/app/1097840/,https://imho.run/games/1097840/gears-5?utm_source=github,online+local,2019,5k+
850190,Goat Simulator 3,https://store.steampowered.com/app/850190/,https://imho.run/games/850190/goat-simulator-3?utm_source=github,online+local,2024,5k+
394510,HELLDIVERS™ Dive Harder Edition,https://store.steampowered.com/app/394510/,https://imho.run/games/394510/helldivers-dive-harder-edition?utm_source=github,online+local,2015,5k+
269210,Hero Siege,https://store.steampowered.com/app/269210/,https://imho.run/games/269210/hero-siege?utm_source=github,online+local,2014,5k+
531510,Just Shapes & Beats,https://store.steampowered.com/app/531510/,https://imho.run/games/531510/just-shapes-beats?utm_source=github,online+local,2018,5k+
701160,Kingdom Two Crowns,https://store.steampowered.com/app/701160/,https://imho.run/games/701160/kingdom-two-crowns?utm_source=github,online+local,2018,5k+
1519350,Madden NFL 22,https://store.steampowered.com/app/1519350/,https://imho.run/games/1519350/madden-nfl-22?utm_source=github,online+local,2021,5k+
42910,Magicka,https://store.steampowered.com/app/42910/,https://imho.run/games/42910/magicka?utm_source=github,online+local,2011,5k+
1672970,Minecraft Dungeons,https://store.steampowered.com/app/1672970/,https://imho.run/games/1672970/minecraft-dungeons?utm_source=github,online+local,2021,5k+
1912410,Minecraft Dungeons II,https://store.steampowered.com/app/1912410/,https://imho.run/games/1912410/minecraft-dungeons-ii?utm_source=github,online+local,2026,5k+
1089350,NBA 2K20,https://store.steampowered.com/app/1089350/,https://imho.run/games/1089350/nba-2k20?utm_source=github,online+local,2019,5k+
1225330,NBA 2K21,https://store.steampowered.com/app/1225330/,https://imho.run/games/1225330/nba-2k21?utm_source=github,online+local,2020,5k+
1644960,NBA 2K22,https://store.steampowered.com/app/1644960/,https://imho.run/games/1644960/nba-2k22?utm_source=github,online+local,2021,5k+
1919590,NBA 2K23,https://store.steampowered.com/app/1919590/,https://imho.run/games/1919590/nba-2k23?utm_source=github,online+local,2022,5k+
2338770,NBA 2K24,https://store.steampowered.com/app/2338770/,https://imho.run/games/2338770/nba-2k24?utm_source=github,online+local,2023,5k+
2878980,NBA 2K25,https://store.steampowered.com/app/2878980/,https://imho.run/games/2878980/nba-2k25?utm_source=github,online+local,2024,5k+
3472040,NBA 2K26,https://store.steampowered.com/app/3472040/,https://imho.run/games/3472040/nba-2k26?utm_source=github,online+local,2025,5k+
794260,Outward Definitive Edition,https://store.steampowered.com/app/794260/,https://imho.run/games/794260/outward-definitive-edition?utm_source=github,online+local,2022,5k+
728880,Overcooked! 2,https://store.steampowered.com/app/728880/,https://imho.run/games/728880/overcooked-2?utm_source=github,online+local,2018,5k+
1260320,Party Animals,https://store.steampowered.com/app/1260320/,https://imho.run/games/1260320/party-animals?utm_source=github,online+local,2023,5k+
1509960,PICO PARK,https://store.steampowered.com/app/1509960/,https://imho.run/games/1509960/pico-park?utm_source=github,online+local,2021,5k+
1599600,PlateUp!,https://store.steampowered.com/app/1599600/,https://imho.run/games/1599600/plateup?utm_source=github,online+local,2022,5k+
2968420,PowerWash Simulator 2,https://store.steampowered.com/app/2968420/,https://imho.run/games/2968420/powerwash-simulator-2?utm_source=github,online+local,2025,5k+
2310,Quake,https://store.steampowered.com/app/2310/,https://imho.run/games/2310/quake?utm_source=github,online+local,2007,5k+
2320,Quake II,https://store.steampowered.com/app/2320/,https://imho.run/games/2320/quake-ii?utm_source=github,online+local,2007,5k+
2132850,Rabbit and Steel,https://store.steampowered.com/app/2132850/,https://imho.run/games/2132850/rabbit-and-steel?utm_source=github,online+local,2024,5k+
21690,Resident Evil 5,https://store.steampowered.com/app/21690/,https://imho.run/games/21690/resident-evil-5?utm_source=github,online+local,2009,5k+
221040,Resident Evil 6,https://store.steampowered.com/app/221040/,https://imho.run/games/221040/resident-evil-6?utm_source=github,online+local,2013,5k+
287290,Resident Evil Revelations 2,https://store.steampowered.com/app/287290/,https://imho.run/games/287290/resident-evil-revelations-2?utm_source=github,online+local,2015,5k+
248820,Risk of Rain (2013),https://store.steampowered.com/app/248820/,https://imho.run/games/248820/risk-of-rain-2013?utm_source=github,online+local,2013,5k+
1337520,Risk of Rain Returns,https://store.steampowered.com/app/1337520/,https://imho.run/games/1337520/risk-of-rain-returns?utm_source=github,online+local,2023,5k+
41070,Serious Sam 3: BFE,https://store.steampowered.com/app/41070/,https://imho.run/games/41070/serious-sam-3-bfe?utm_source=github,online+local,2011,5k+
326460,ShellShock Live,https://store.steampowered.com/app/326460/,https://imho.run/games/326460/shellshock-live?utm_source=github,online+local,2020,5k+
867210,Songs of Conquest,https://store.steampowered.com/app/867210/,https://imho.run/games/867210/songs-of-conquest?utm_source=github,online+local,2024,5k+
418530,Spelunky 2,https://store.steampowered.com/app/418530/,https://imho.run/games/418530/spelunky-2?utm_source=github,online+local,2020,5k+
969990,SpongeBob SquarePants: Battle for Bikini Bottom - Rehydrated,https://store.steampowered.com/app/969990/,https://imho.run/games/969990/spongebob-squarepants-battle-for-bikini-bottom-rehydrated?utm_source=github,online+local,2020,5k+
253250,Stonehearth,https://store.steampowered.com/app/253250/,https://imho.run/games/253250/stonehearth?utm_source=github,online+local,2018,5k+
985890,Streets of Rage 4,https://store.steampowered.com/app/985890/,https://imho.run/games/985890/streets-of-rage-4?utm_source=github,online+local,2020,5k+
512900,Streets of Rogue,https://store.steampowered.com/app/512900/,https://imho.run/games/512900/streets-of-rogue?utm_source=github,online+local,2019,5k+
1361510,Teenage Mutant Ninja Turtles: Shredder's Revenge,https://store.steampowered.com/app/1361510/,https://imho.run/games/1361510/teenage-mutant-ninja-turtles-shredder-s-revenge?utm_source=github,online+local,2022,5k+
1003590,Tetris® Effect: Connected,https://store.steampowered.com/app/1003590/,https://imho.run/games/1003590/tetris-effect-connected?utm_source=github,online+local,2021,5k+
979690,The Ascent,https://store.steampowered.com/app/979690/,https://imho.run/games/979690/the-ascent?utm_source=github,online+local,2021,5k+
641990,The Escapists 2,https://store.steampowered.com/app/641990/,https://imho.run/games/641990/the-escapists-2?utm_source=github,online+local,2017,5k+
1139980,Travellers Rest,https://store.steampowered.com/app/1139980/,https://imho.run/games/1139980/travellers-rest?utm_source=github,online+local,2020,5k+
35720,Trine 2: Complete Story,https://store.steampowered.com/app/35720/,https://imho.run/games/35720/trine-2-complete-story?utm_source=github,online+local,2013,5k+
386940,Ultimate Chicken Horse,https://store.steampowered.com/app/386940/,https://imho.run/games/386940/ultimate-chicken-horse?utm_source=github,online+local,2016,5k+
246900,Viscera Cleanup Detail,https://store.steampowered.com/app/246900/,https://imho.run/games/246900/viscera-cleanup-detail?utm_source=github,online+local,2015,5k+
489630,"Warhammer 40,000: Gladius - Relics of War",https://store.steampowered.com/app/489630/,https://imho.run/games/489630/warhammer-40-000-gladius-relics-of-war?utm_source=github,online+local,2018,5k+
1054490,Wingspan,https://store.steampowered.com/app/1054490/,https://imho.run/games/1054490/wingspan?utm_source=github,online+local,2020,5k+
1211020,Wobbly Life,https://store.steampowered.com/app/1211020/,https://imho.run/games/1211020/wobbly-life?utm_source=github,online+local,2025,5k+
1255630,WWE 2K22,https://store.steampowered.com/app/1255630/,https://imho.run/games/1255630/wwe-2k22?utm_source=github,online+local,2022,5k+
322110,20XX,https://store.steampowered.com/app/322110/,https://imho.run/games/322110/20xx?utm_source=github,online+local,2017,1k+
1029210,30XX,https://store.steampowered.com/app/1029210/,https://imho.run/games/1029210/30xx?utm_source=github,online+local,2023,1k+
3805420,A Few Quick Matches,https://store.steampowered.com/app/3805420/,https://imho.run/games/3805420/a-few-quick-matches?utm_source=github,online+local,2025,1k+
1904480,Absolum,https://store.steampowered.com/app/1904480/,https://imho.run/games/1904480/absolum?utm_source=github,online+local,2025,1k+
1913210,AEW: Fight Forever,https://store.steampowered.com/app/1913210/,https://imho.run/games/1913210/aew-fight-forever?utm_source=github,online+local,2023,1k+
314970,Age of Conquest IV,https://store.steampowered.com/app/314970/,https://imho.run/games/314970/age-of-conquest-iv?utm_source=github,online+local,2016,1k+
843200,Alien Hominid Invasion,https://store.steampowered.com/app/843200/,https://imho.run/games/843200/alien-hominid-invasion?utm_source=github,online+local,2023,1k+
1341820,As Dusk Falls,https://store.steampowered.com/app/1341820/,https://imho.run/games/1341820/as-dusk-falls?utm_source=github,online+local,2022,1k+
898920,Axis & Allies 1942 Online,https://store.steampowered.com/app/898920/,https://imho.run/games/898920/axis-allies-1942-online?utm_source=github,online+local,2021,1k+
1227650,Bang-On Balls: Chronicles,https://store.steampowered.com/app/1227650/,https://imho.run/games/1227650/bang-on-balls-chronicles?utm_source=github,online+local,2023,1k+
1071870,Biped,https://store.steampowered.com/app/1071870/,https://imho.run/games/1071870/biped?utm_source=github,online+local,2020,1k+
2273430,BlazBlue Entropy Effect,https://store.steampowered.com/app/2273430/,https://imho.run/games/2273430/blazblue-entropy-effect?utm_source=github,online+local,2024,1k+
257750,Bloody Trapland,https://store.steampowered.com/app/257750/,https://imho.run/games/257750/bloody-trapland?utm_source=github,online+local,2013,1k+
1010750,Blood™ Fresh Supply,https://store.steampowered.com/app/1010750/,https://imho.run/games/1010750/blood-fresh-supply?utm_source=github,online+local,2019,1k+
1607680,Bread & Fred,https://store.steampowered.com/app/1607680/,https://imho.run/games/1607680/bread-fred?utm_source=github,online+local,2023,1k+
476620,Call of Duty®: WWII,https://store.steampowered.com/app/476620/,https://imho.run/games/476620/call-of-duty-wwii?utm_source=github,online+local,2017,1k+
1163550,Captain Tsubasa: Rise of New Champions,https://store.steampowered.com/app/1163550/,https://imho.run/games/1163550/captain-tsubasa-rise-of-new-champions?utm_source=github,online+local,2020,1k+
405290,Charlie Murder,https://store.steampowered.com/app/405290/,https://imho.run/games/405290/charlie-murder?utm_source=github,online+local,2017,1k+
1606340,Conquest of Elysium 5,https://store.steampowered.com/app/1606340/,https://imho.run/games/1606340/conquest-of-elysium-5?utm_source=github,online+local,2021,1k+
1028630,Cricket 19,https://store.steampowered.com/app/1028630/,https://imho.run/games/1028630/cricket-19?utm_source=github,online+local,2019,1k+
1701380,Cricket 22,https://store.steampowered.com/app/1701380/,https://imho.run/games/1701380/cricket-22?utm_source=github,online+local,2021,1k+
2358260,Cricket 24,https://store.steampowered.com/app/2358260/,https://imho.run/games/2358260/cricket-24?utm_source=github,online+local,2023,1k+
710920,Darksiders Genesis,https://store.steampowered.com/app/710920/,https://imho.run/games/710920/darksiders-genesis?utm_source=github,online+local,2019,1k+
221540,DG2: Defense Grid 2,https://store.steampowered.com/app/221540/,https://imho.run/games/221540/dg2-defense-grid-2?utm_source=github,online+local,2014,1k+
722060,Dominions 5 - Warriors of the Faith,https://store.steampowered.com/app/722060/,https://imho.run/games/722060/dominions-5-warriors-of-the-faith?utm_source=github,online+local,2017,1k+
2511500,Dominions 6 - Rise of the Pantokrator,https://store.steampowered.com/app/2511500/,https://imho.run/games/2511500/dominions-6-rise-of-the-pantokrator?utm_source=github,online+local,2024,1k+
686200,Door Kickers: Action Squad,https://store.steampowered.com/app/686200/,https://imho.run/games/686200/door-kickers-action-squad?utm_source=github,online+local,2018,1k+
1101190,Dungeon Defenders: Awakened,https://store.steampowered.com/app/1101190/,https://imho.run/games/1101190/dungeon-defenders-awakened?utm_source=github,online+local,2020,1k+
587520,Dungeons of Sundaria,https://store.steampowered.com/app/587520/,https://imho.run/games/587520/dungeons-of-sundaria?utm_source=github,online+local,2023,1k+
730310,DYNASTY WARRIORS 9,https://store.steampowered.com/app/730310/,https://imho.run/games/730310/dynasty-warriors-9?utm_source=github,online+local,2018,1k+
4032350,EA SPORTS™ College Football 27,https://store.steampowered.com/app/4032350/,https://imho.run/games/4032350/ea-sports-college-football-27?utm_source=github,online+local,2026,1k+
2582560,EA SPORTS™ Madden NFL 25,https://store.steampowered.com/app/2582560/,https://imho.run/games/2582560/ea-sports-madden-nfl-25?utm_source=github,online+local,2024,1k+
3230400,EA SPORTS™ Madden NFL 26,https://store.steampowered.com/app/3230400/,https://imho.run/games/3230400/ea-sports-madden-nfl-26?utm_source=github,online+local,2025,1k+
1677350,EA SPORTS™ PGA TOUR™,https://store.steampowered.com/app/1677350/,https://imho.run/games/1677350/ea-sports-pga-tour?utm_source=github,online+local,2023,1k+
2291060,EARTH DEFENSE FORCE 6,https://store.steampowered.com/app/2291060/,https://imho.run/games/2291060/earth-defense-force-6?utm_source=github,online+local,2024,1k+
996470,eFootball  PES 2020,https://store.steampowered.com/app/996470/,https://imho.run/games/996470/efootball-pes-2020?utm_source=github,online+local,2019,1k+
1259970,eFootball PES 2021 SEASON UPDATE,https://store.steampowered.com/app/1259970/,https://imho.run/games/1259970/efootball-pes-2021-season-update?utm_source=github,online+local,2020,1k+
1135230,Ember Knights,https://store.steampowered.com/app/1135230/,https://imho.run/games/1135230/ember-knights?utm_source=github,online+local,2023,1k+
3176060,Emissary Zero,https://store.steampowered.com/app/3176060/,https://imho.run/games/3176060/emissary-zero?utm_source=github,online+local,2025,1k+
673950,Farm Together,https://store.steampowered.com/app/673950/,https://imho.run/games/673950/farm-together?utm_source=github,online+local,2018,1k+
2418520,Farm Together 2,https://store.steampowered.com/app/2418520/,https://imho.run/games/2418520/farm-together-2?utm_source=github,online+local,2025,1k+
249990,FORCED: Slightly Better Edition,https://store.steampowered.com/app/249990/,https://imho.run/games/249990/forced-slightly-better-edition?utm_source=github,online+local,2013,1k+
258970,Gauntlet™ Slayer Edition,https://store.steampowered.com/app/258970/,https://imho.run/games/258970/gauntlet-slayer-edition?utm_source=github,online+local,2014,1k+
2523720,Gears of War: Reloaded,https://store.steampowered.com/app/2523720/,https://imho.run/games/2523720/gears-of-war-reloaded?utm_source=github,online+local,2025,1k+
2195120,Go-Go Town!,https://store.steampowered.com/app/2195120/,https://imho.run/games/2195120/go-go-town?utm_source=github,online+local,2026,1k+
1090630,Granblue Fantasy: Versus,https://store.steampowered.com/app/1090630/,https://imho.run/games/1090630/granblue-fantasy-versus?utm_source=github,online+local,2020,1k+
407840,Guardians of Orion (Phase 2),https://store.steampowered.com/app/407840/,https://imho.run/games/407840/guardians-of-orion-phase-2?utm_source=github,online+local,2016,1k+
239070,Hammerwatch,https://store.steampowered.com/app/239070/,https://imho.run/games/239070/hammerwatch?utm_source=github,online+local,2013,1k+
628670,Hellpoint,https://store.steampowered.com/app/628670/,https://imho.run/games/628670/hellpoint?utm_source=github,online+local,2020,1k+
3286930,Heretic + Hexen,https://store.steampowered.com/app/3286930/,https://imho.run/games/3286930/heretic-hexen?utm_source=github,online+local,2025,1k+
976890,Hidden Deep,https://store.steampowered.com/app/976890/,https://imho.run/games/976890/hidden-deep?utm_source=github,online+local,2022,1k+
250400,How to Survive,https://store.steampowered.com/app/250400/,https://imho.run/games/250400/how-to-survive?utm_source=github,online+local,2014,1k+
360170,How to Survive 2,https://store.steampowered.com/app/360170/,https://imho.run/games/360170/how-to-survive-2?utm_source=github,online+local,2016,1k+
523660,HYPERCHARGE: Unboxed,https://store.steampowered.com/app/523660/,https://imho.run/games/523660/hypercharge-unboxed?utm_source=github,online+local,2020,1k+
95400,ibb & obb,https://store.steampowered.com/app/95400/,https://imho.run/games/95400/ibb-obb?utm_source=github,online+local,2014,1k+
311770,LEGO® Pirates of the Caribbean: The Video Game,https://store.steampowered.com/app/311770/,https://imho.run/games/311770/lego-pirates-of-the-caribbean-the-video-game?utm_source=github,online+local,2014,1k+
434650,Lost Castle / 失落城堡,https://store.steampowered.com/app/434650/,https://imho.run/games/434650/lost-castle?utm_source=github,online+local,2016,1k+
238370,Magicka 2,https://store.steampowered.com/app/238370/,https://imho.run/games/238370/magicka-2?utm_source=github,online+local,2015,1k+
2753970,MARVEL Cosmic Invasion,https://store.steampowered.com/app/2753970/,https://imho.run/games/2753970/marvel-cosmic-invasion?utm_source=github,online+local,2025,1k+
2634890,MARVEL vs. CAPCOM Fighting Collection: Arcade Classics,https://store.steampowered.com/app/2634890/,https://imho.run/games/2634890/marvel-vs-capcom-fighting-collection-arcade-classics?utm_source=github,online+local,2024,1k+
366250,METAL SLUG,https://store.steampowered.com/app/366250/,https://imho.run/games/366250/metal-slug?utm_source=github,online+local,2015,1k+
250180,METAL SLUG 3,https://store.steampowered.com/app/250180/,https://imho.run/games/250180/metal-slug-3?utm_source=github,online+local,2014,1k+
113020,Monaco: What's Yours Is Mine,https://store.steampowered.com/app/113020/,https://imho.run/games/113020/monaco-what-s-yours-is-mine?utm_source=github,online+local,2013,1k+
1140270,Monster Prom 2: Monster Camp,https://store.steampowered.com/app/1140270/,https://imho.run/games/1140270/monster-prom-2-monster-camp?utm_source=github,online+local,2020,1k+
1665190,Monster Prom 3: Monster Roadtrip,https://store.steampowered.com/app/1665190/,https://imho.run/games/1665190/monster-prom-3-monster-roadtrip?utm_source=github,online+local,2022,1k+
2869860,Monster Prom 4: Monster Con,https://store.steampowered.com/app/2869860/,https://imho.run/games/2869860/monster-prom-4-monster-con?utm_source=github,online+local,2025,1k+
2477090,Mosa Lina,https://store.steampowered.com/app/2477090/,https://imho.run/games/2477090/mosa-lina?utm_source=github,online+local,2023,1k+
323850,Move or Die,https://store.steampowered.com/app/323850/,https://imho.run/games/323850/move-or-die?utm_source=github,online+local,2016,1k+
274900,Murder Miners,https://store.steampowered.com/app/274900/,https://imho.run/games/274900/murder-miners?utm_source=github,online+local,2014,1k+
39800,Nation Red,https://store.steampowered.com/app/39800/,https://imho.run/games/39800/nation-red?utm_source=github,online+local,2009,1k+
4356430,NBA 2K27,https://store.steampowered.com/app/4356430/,https://imho.run/games/4356430/nba-2k27?utm_source=github,online+local,2026,1k+
471550,Nine Parchments,https://store.steampowered.com/app/471550/,https://imho.run/games/471550/nine-parchments?utm_source=github,online+local,2017,1k+
1432050,Nobody Saves the World,https://store.steampowered.com/app/1432050/,https://imho.run/games/1432050/nobody-saves-the-world?utm_source=github,online+local,2022,1k+
597180,Old World,https://store.steampowered.com/app/597180/,https://imho.run/games/597180/old-world?utm_source=github,online+local,2022,1k+
1243830,Overcooked! All You Can Eat,https://store.steampowered.com/app/1243830/,https://imho.run/games/1243830/overcooked-all-you-can-eat?utm_source=github,online+local,2021,1k+
1072040,Panzer Corps 2,https://store.steampowered.com/app/1072040/,https://imho.run/games/1072040/panzer-corps-2?utm_source=github,online+local,2020,1k+
1016120,PGA TOUR 2K21,https://store.steampowered.com/app/1016120/,https://imho.run/games/1016120/pga-tour-2k21?utm_source=github,online+local,2020,1k+
1588010,PGA TOUR 2K23,https://store.steampowered.com/app/1588010/,https://imho.run/games/1588010/pga-tour-2k23?utm_source=github,online+local,2022,1k+
2644470,PICO PARK 2,https://store.steampowered.com/app/2644470/,https://imho.run/games/2644470/pico-park-2?utm_source=github,online+local,2024,1k+
291860,Pit People®,https://store.steampowered.com/app/291860/,https://imho.run/games/291860/pit-people?utm_source=github,online+local,2018,1k+
539470,Police Stories,https://store.steampowered.com/app/539470/,https://imho.run/games/539470/police-stories?utm_source=github,online+local,2019,1k+
1259790,Puyo Puyo™ Tetris® 2,https://store.steampowered.com/app/1259790/,https://imho.run/games/1259790/puyo-puyo-tetris-2?utm_source=github,online+local,2021,1k+
2129530,REANIMAL,https://store.steampowered.com/app/2129530/,https://imho.run/games/2129530/reanimal?utm_source=github,online+local,2026,1k+
2787320,Revenge of the Savage Planet,https://store.steampowered.com/app/2787320/,https://imho.run/games/2787320/revenge-of-the-savage-planet?utm_source=github,online+local,2025,1k+
422810,River City Ransom: Underground,https://store.steampowered.com/app/422810/,https://imho.run/games/422810/river-city-ransom-underground?utm_source=github,online+local,2017,1k+
787810,Rogue Heroes: Ruins of Tasos,https://store.steampowered.com/app/787810/,https://imho.run/games/787810/rogue-heroes-ruins-of-tasos?utm_source=github,online+local,2021,1k+
2015270,Rotwood,https://store.steampowered.com/app/2015270/,https://imho.run/games/2015270/rotwood?utm_source=github,online+local,2026,1k+
1599660,Sackboy™: A Big Adventure,https://store.steampowered.com/app/1599660/,https://imho.run/games/1599660/sackboy-a-big-adventure?utm_source=github,online+local,2022,1k+
2215260,Scott Pilgrim vs. The World™: The Game – Complete Edition,https://store.steampowered.com/app/2215260/,https://imho.run/games/2215260/scott-pilgrim-vs-the-world-the-game-complete-edition?utm_source=github,online+local,2023,1k+
337150,Sentinels of the Multiverse,https://store.steampowered.com/app/337150/,https://imho.run/games/337150/sentinels-of-the-multiverse?utm_source=github,online+local,2014,1k+
41050,Serious Sam Classic: The First Encounter,https://store.steampowered.com/app/41050/,https://imho.run/games/41050/serious-sam-classic-the-first-encounter?utm_source=github,online+local,2019,1k+
564310,Serious Sam Fusion 2017 (beta),https://store.steampowered.com/app/564310/,https://imho.run/games/564310/serious-sam-fusion-2017-beta?utm_source=github,online+local,,1k+
41000,Serious Sam HD: The First Encounter,https://store.steampowered.com/app/41000/,https://imho.run/games/41000/serious-sam-hd-the-first-encounter?utm_source=github,online+local,2009,1k+
1286580,Ship of Fools,https://store.steampowered.com/app/1286580/,https://imho.run/games/1286580/ship-of-fools?utm_source=github,online+local,2022,1k+
725480,Slap City,https://store.steampowered.com/app/725480/,https://imho.run/games/725480/slap-city?utm_source=github,online+local,2020,1k+
357330,Space Beast Terror Fright,https://store.steampowered.com/app/357330/,https://imho.run/games/357330/space-beast-terror-fright?utm_source=github,online+local,2022,1k+
1329500,SpiderHeck,https://store.steampowered.com/app/1329500/,https://imho.run/games/1329500/spiderheck?utm_source=github,online+local,2022,1k+
1236720,Spirit Island,https://store.steampowered.com/app/1236720/,https://imho.run/games/1236720/spirit-island?utm_source=github,online+local,2020,1k+
244770,StarMade,https://store.steampowered.com/app/244770/,https://imho.run/games/244770/starmade?utm_source=github,online+local,2014,1k+
1330000,Stolen Realm,https://store.steampowered.com/app/1330000/,https://imho.run/games/1330000/stolen-realm?utm_source=github,online+local,2024,1k+
673750,Super Bunny Man,https://store.steampowered.com/app/673750/,https://imho.run/games/673750/super-bunny-man?utm_source=github,online+local,2023,1k+
988910,Super Mega Baseball 3,https://store.steampowered.com/app/988910/,https://imho.run/games/988910/super-mega-baseball-3?utm_source=github,online+local,2020,1k+
1487210,Super Mega Baseball™ 4,https://store.steampowered.com/app/1487210/,https://imho.run/games/1487210/super-mega-baseball-4?utm_source=github,online+local,2023,1k+
1316910,Super Monkey Ball Banana Mania,https://store.steampowered.com/app/1316910/,https://imho.run/games/1316910/super-monkey-ball-banana-mania?utm_source=github,online+local,2021,1k+
855860,Superfighters Deluxe,https://store.steampowered.com/app/855860/,https://imho.run/games/855860/superfighters-deluxe?utm_source=github,online+local,2018,1k+
2996040,Teenage Mutant Ninja Turtles: Splintered Fate,https://store.steampowered.com/app/2996040/,https://imho.run/games/2996040/teenage-mutant-ninja-turtles-splintered-fate?utm_source=github,online+local,2024,1k+
1281590,The Dark Pictures Anthology: House of Ashes,https://store.steampowered.com/app/1281590/,https://imho.run/games/1281590/the-dark-pictures-anthology-house-of-ashes?utm_source=github,online+local,2021,1k+
1567020,The Dark Pictures Anthology: The Devil in Me,https://store.steampowered.com/app/1567020/,https://imho.run/games/1567020/the-dark-pictures-anthology-the-devil-in-me?utm_source=github,online+local,2022,1k+
695290,The Golf Club™ 2019 featuring PGA TOUR,https://store.steampowered.com/app/695290/,https://imho.run/games/695290/the-golf-club-2019-featuring-pga-tour?utm_source=github,online+local,2018,1k+
2523770,The Lord of the Rings: War in the North™ - Legacy Edition,https://store.steampowered.com/app/2523770/,https://imho.run/games/2523770/the-lord-of-the-rings-war-in-the-north-legacy-edition?utm_source=github,online+local,2026,1k+
1515210,The Past Within,https://store.steampowered.com/app/1515210/,https://imho.run/games/1515210/the-past-within?utm_source=github,online+local,2022,1k+
790740,Tick Tock: A Tale for Two,https://store.steampowered.com/app/790740/,https://imho.run/games/790740/tick-tock-a-tale-for-two?utm_source=github,online+local,2019,1k+
1106850,Totally Reliable Delivery Service Beta,https://store.steampowered.com/app/1106850/,https://imho.run/games/1106850/totally-reliable-delivery-service-beta?utm_source=github,online+local,2019,1k+
319910,Trine 3: The Artifacts of Power,https://store.steampowered.com/app/319910/,https://imho.run/games/319910/trine-3-the-artifacts-of-power?utm_source=github,online+local,2015,1k+
690640,Trine 4: The Nightmare Prince,https://store.steampowered.com/app/690640/,https://imho.run/games/690640/trine-4-the-nightmare-prince?utm_source=github,online+local,2019,1k+
35700,Trine Enchanted Edition,https://store.steampowered.com/app/35700/,https://imho.run/games/35700/trine-enchanted-edition?utm_source=github,online+local,2009,1k+
1016920,Unrailed!,https://store.steampowered.com/app/1016920/,https://imho.run/games/1016920/unrailed?utm_source=github,online+local,2020,1k+
323220,Vagante,https://store.steampowered.com/app/323220/,https://imho.run/games/323220/vagante?utm_source=github,online+local,2018,1k+
607050,Wargroove,https://store.steampowered.com/app/607050/,https://imho.run/games/607050/wargroove?utm_source=github,online+local,2019,1k+
1324530,"Warhammer 40,000: Shootas, Blood & Teef",https://store.steampowered.com/app/1324530/,https://imho.run/games/1324530/warhammer-40-000-shootas-blood-teef?utm_source=github,online+local,2022,1k+
774241,Warhammer: Chaosbane,https://store.steampowered.com/app/774241/,https://imho.run/games/774241/warhammer-chaosbane?utm_source=github,online+local,2019,1k+
2193540,Wizard of Legend 2,https://store.steampowered.com/app/2193540/,https://imho.run/games/2193540/wizard-of-legend-2?utm_source=github,online+local,2025,1k+
1942660,WWE 2K23,https://store.steampowered.com/app/1942660/,https://imho.run/games/1942660/wwe-2k23?utm_source=github,online+local,2023,1k+
2315690,WWE 2K24,https://store.steampowered.com/app/2315690/,https://imho.run/games/2315690/wwe-2k24?utm_source=github,online+local,2024,1k+
2878960,WWE 2K25,https://store.steampowered.com/app/2878960/,https://imho.run/games/2878960/wwe-2k25?utm_source=github,online+local,2025,1k+
3717070,WWE 2K26,https://store.steampowered.com/app/3717070/,https://imho.run/games/3717070/wwe-2k26?utm_source=github,online+local,2026,1k+
1481170,ZEPHON,https://store.steampowered.com/app/1481170/,https://imho.run/games/1481170/zephon?utm_source=github,online+local,2024,1k+
255070,Abyss Odyssey,https://store.steampowered.com/app/255070/,https://imho.run/games/255070/abyss-odyssey?utm_source=github,online+local,2014,500+
1574480,Agent 64: Spies Never Die,https://store.steampowered.com/app/1574480/,https://imho.run/games/1574480/agent-64-spies-never-die?utm_source=github,online+local,2026,500+
1479140,AK-xolotl: Together,https://store.steampowered.com/app/1479140/,https://imho.run/games/1479140/ak-xolotl-together?utm_source=github,online+local,2023,500+
1382320,Antonball Deluxe,https://store.steampowered.com/app/1382320/,https://imho.run/games/1382320/antonball-deluxe?utm_source=github,online+local,2021,500+
1263070,Blightbound,https://store.steampowered.com/app/1263070/,https://imho.run/games/1263070/blightbound?utm_source=github,online+local,2021,500+
3263320,Carry The Glass,https://store.steampowered.com/app/3263320/,https://imho.run/games/3263320/carry-the-glass?utm_source=github,online+local,2024,500+
1479730,Commandos: Origins,https://store.steampowered.com/app/1479730/,https://imho.run/games/1479730/commandos-origins?utm_source=github,online+local,2025,500+
3468650,Cricket 26 - The Official Game of the Ashes,https://store.steampowered.com/app/3468650/,https://imho.run/games/3468650/cricket-26-the-official-game-of-the-ashes?utm_source=github,online+local,2025,500+
1967260,Double Dragon Gaiden: Rise Of The Dragons,https://store.steampowered.com/app/1967260/,https://imho.run/games/1967260/double-dragon-gaiden-rise-of-the-dragons?utm_source=github,online+local,2023,500+
1863430,Dragonkin: The Banished,https://store.steampowered.com/app/1863430/,https://imho.run/games/1863430/dragonkin-the-banished?utm_source=github,online+local,2026,500+
229480,Dungeons & Dragons: Chronicles of Mystara,https://store.steampowered.com/app/229480/,https://imho.run/games/229480/dungeons-dragons-chronicles-of-mystara?utm_source=github,online+local,2013,500+
3940610,EA SPORTS™ Madden NFL 27,https://store.steampowered.com/app/3940610/,https://imho.run/games/3940610/ea-sports-madden-nfl-27?utm_source=github,online+local,2026,500+
1039890,EARTH DEFENSE FORCE: IRON RAIN,https://store.steampowered.com/app/1039890/,https://imho.run/games/1039890/earth-defense-force-iron-rain?utm_source=github,online+local,2019,500+
757210,EMERGENCY 4 Deluxe,https://store.steampowered.com/app/757210/,https://imho.run/games/757210/emergency-4-deluxe?utm_source=github,online+local,2018,500+
1812090,Escape Academy,https://store.steampowered.com/app/1812090/,https://imho.run/games/1812090/escape-academy?utm_source=github,online+local,2022,500+
1729790,Escape From School,https://store.steampowered.com/app/1729790/,https://imho.run/games/1729790/escape-from-school?utm_source=github,online+local,2021,500+
1196310,Fantasy Grounds VTT,https://store.steampowered.com/app/1196310/,https://imho.run/games/1196310/fantasy-grounds-vtt?utm_source=github,online+local,2020,500+
1097620,Fast and Low,https://store.steampowered.com/app/1097620/,https://imho.run/games/1097620/fast-and-low?utm_source=github,online+local,2023,500+
1213750,Fight Crab,https://store.steampowered.com/app/1213750/,https://imho.run/games/1213750/fight-crab?utm_source=github,online+local,2020,500+
1488560,Football Simulator,https://store.steampowered.com/app/1488560/,https://imho.run/games/1488560/football-simulator?utm_source=github,online+local,2022,500+
1420350,Fraymakers,https://store.steampowered.com/app/1420350/,https://imho.run/games/1420350/fraymakers?utm_source=github,online+local,2023,500+
416600,Full Metal Furies,https://store.steampowered.com/app/416600/,https://imho.run/games/416600/full-metal-furies?utm_source=github,online+local,2018,500+
465200,Fury Unleashed,https://store.steampowered.com/app/465200/,https://imho.run/games/465200/fury-unleashed?utm_source=github,online+local,2020,500+
609920,Hotshot Racing,https://store.steampowered.com/app/609920/,https://imho.run/games/609920/hotshot-racing?utm_source=github,online+local,2020,500+
552080,IronWolf VR,https://store.steampowered.com/app/552080/,https://imho.run/games/552080/ironwolf-vr?utm_source=github,online+local,2022,500+
1242980,KeyWe,https://store.steampowered.com/app/1242980/,https://imho.run/games/1242980/keywe?utm_source=github,online+local,2021,500+
289690,LARA CROFT AND THE TEMPLE OF OSIRIS™,https://store.steampowered.com/app/289690/,https://imho.run/games/289690/lara-croft-and-the-temple-of-osiris?utm_source=github,online+local,2014,500+
570460,Laser League: World Arena,https://store.steampowered.com/app/570460/,https://imho.run/games/570460/laser-league-world-arena?utm_source=github,online+local,2018,500+
1969370,LEGO® Party!,https://store.steampowered.com/app/1969370/,https://imho.run/games/1969370/lego-party?utm_source=github,online+local,2025,500+
1538550,LEGO® Voyagers,https://store.steampowered.com/app/1538550/,https://imho.run/games/1538550/lego-voyagers?utm_source=github,online+local,2025,500+
2445690,Lost Castle 2,https://store.steampowered.com/app/2445690/,https://imho.run/games/2445690/lost-castle-2?utm_source=github,online+local,2024,500+
572220,MageQuit,https://store.steampowered.com/app/572220/,https://imho.run/games/572220/magequit?utm_source=github,online+local,2019,500+
218820,Mercenary Kings: Reloaded Edition,https://store.steampowered.com/app/218820/,https://imho.run/games/218820/mercenary-kings-reloaded-edition?utm_source=github,online+local,2014,500+
312610,METAL SLUG X,https://store.steampowered.com/app/312610/,https://imho.run/games/312610/metal-slug-x?utm_source=github,online+local,2014,500+
400080,Out of Space,https://store.steampowered.com/app/400080/,https://imho.run/games/400080/out-of-space?utm_source=github,online+local,2020,500+
329490,Phantom Breaker: Battle Grounds Classic,https://store.steampowered.com/app/329490/,https://imho.run/games/329490/phantom-breaker-battle-grounds-classic?utm_source=github,online+local,2015,500+
461040,PICO PARK:Classic Edition,https://store.steampowered.com/app/461040/,https://imho.run/games/461040/pico-park-classic-edition?utm_source=github,online+local,2016,500+
226100,PixelJunk™ Nom Nom Galaxy,https://store.steampowered.com/app/226100/,https://imho.run/games/226100/pixeljunk-nom-nom-galaxy?utm_source=github,online+local,2015,500+
770240,PRO EVOLUTION SOCCER 2019,https://store.steampowered.com/app/770240/,https://imho.run/games/770240/pro-evolution-soccer-2019?utm_source=github,online+local,2018,500+
487000,Quest Hunter,https://store.steampowered.com/app/487000/,https://imho.run/games/487000/quest-hunter?utm_source=github,online+local,2019,500+
314410,Rampage Knights,https://store.steampowered.com/app/314410/,https://imho.run/games/314410/rampage-knights?utm_source=github,online+local,2015,500+
2069310,RealFlight Evolution,https://store.steampowered.com/app/2069310/,https://imho.run/games/2069310/realflight-evolution?utm_source=github,online+local,2022,500+
99300,Renegade Ops,https://store.steampowered.com/app/99300/,https://imho.run/games/99300/renegade-ops?utm_source=github,online+local,2011,500+
274560,Revolution Ace,https://store.steampowered.com/app/274560/,https://imho.run/games/274560/revolution-ace?utm_source=github,online+local,2014,500+
1920480,River City Girls 2,https://store.steampowered.com/app/1920480/,https://imho.run/games/1920480/river-city-girls-2?utm_source=github,online+local,2022,500+
215510,Rocketbirds: Hardboiled Chicken,https://store.steampowered.com/app/215510/,https://imho.run/games/215510/rocketbirds-hardboiled-chicken?utm_source=github,online+local,2012,500+
1206610,Rubber Bandits,https://store.steampowered.com/app/1206610/,https://imho.run/games/1206610/rubber-bandits?utm_source=github,online+local,2021,500+
1620690,Rubber Bandits: Summer Prologue,https://store.steampowered.com/app/1620690/,https://imho.run/games/1620690/rubber-bandits-summer-prologue?utm_source=github,online+local,2021,500+
247950,Sacred 3,https://store.steampowered.com/app/247950/,https://imho.run/games/247950/sacred-3?utm_source=github,online+local,2014,500+
1437400,Salt and Sacrifice,https://store.steampowered.com/app/1437400/,https://imho.run/games/1437400/salt-and-sacrifice?utm_source=github,online+local,2023,500+
1591530,SAMURAI WARRIORS 5,https://store.steampowered.com/app/1591530/,https://imho.run/games/1591530/samurai-warriors-5?utm_source=github,online+local,2021,500+
41060,Serious Sam Classic: The Second Encounter,https://store.steampowered.com/app/41060/,https://imho.run/games/41060/serious-sam-classic-the-second-encounter?utm_source=github,online+local,2019,500+
359840,Shift Happens,https://store.steampowered.com/app/359840/,https://imho.run/games/359840/shift-happens?utm_source=github,online+local,2017,500+
1608700,Soundfall,https://store.steampowered.com/app/1608700/,https://imho.run/games/1608700/soundfall?utm_source=github,online+local,2022,500+
1618380,Spellmasons,https://store.steampowered.com/app/1618380/,https://imho.run/games/1618380/spellmasons?utm_source=github,online+local,2023,500+
209120,Street Fighter X Tekken,https://store.steampowered.com/app/209120/,https://imho.run/games/209120/street-fighter-x-tekken?utm_source=github,online+local,2012,500+
414870,Super Mega Baseball 2,https://store.steampowered.com/app/414870/,https://imho.run/games/414870/super-mega-baseball-2?utm_source=github,online+local,2018,500+
984110,SYNTHETIK: Arena,https://store.steampowered.com/app/984110/,https://imho.run/games/984110/synthetik-arena?utm_source=github,online+local,2019,500+
268990,The Dishwasher: Vampire Smile,https://store.steampowered.com/app/268990/,https://imho.run/games/268990/the-dishwasher-vampire-smile?utm_source=github,online+local,2017,500+
2269950,The Karters 2: Turbo Charged,https://store.steampowered.com/app/2269950/,https://imho.run/games/2269950/the-karters-2-turbo-charged?utm_source=github,online+local,2025,500+
1296840,The Spike,https://store.steampowered.com/app/1296840/,https://imho.run/games/1296840/the-spike?utm_source=github,online+local,2020,500+
516110,ToeJam & Earl: Back in the Groove!,https://store.steampowered.com/app/516110/,https://imho.run/games/516110/toejam-earl-back-in-the-groove?utm_source=github,online+local,2019,500+
1011670,Totally Reliable Delivery Service,https://store.steampowered.com/app/1011670/,https://imho.run/games/1011670/totally-reliable-delivery-service?utm_source=github,online+local,2021,500+
1436700,Trine 5: A Clockwork Conspiracy,https://store.steampowered.com/app/1436700/,https://imho.run/games/1436700/trine-5-a-clockwork-conspiracy?utm_source=github,online+local,2023,500+
2211170,Unrailed 2: Back on Track,https://store.steampowered.com/app/2211170/,https://imho.run/games/2211170/unrailed-2-back-on-track?utm_source=github,online+local,2024,500+
404590,Vikings - Wolves of Midgard,https://store.steampowered.com/app/404590/,https://imho.run/games/404590/vikings-wolves-of-midgard?utm_source=github,online+local,2017,500+
831560,WARRIORS OROCHI 4,https://store.steampowered.com/app/831560/,https://imho.run/games/831560/warriors-orochi-4?utm_source=github,online+local,2018,500+
3905450,WheelMates,https://store.steampowered.com/app/3905450/,https://imho.run/games/3905450/wheelmates?utm_source=github,online+local,2026,500+
1975580,Wild Woods,https://store.steampowered.com/app/1975580/,https://imho.run/games/1975580/wild-woods?utm_source=github,online+local,2024,500+
674750,Yet Another Zombie Defense HD,https://store.steampowered.com/app/674750/,https://imho.run/games/674750/yet-another-zombie-defense-hd?utm_source=github,online+local,2017,500+
512490,Zombie Estate 2,https://store.steampowered.com/app/512490/,https://imho.run/games/512490/zombie-estate-2?utm_source=github,online+local,2017,500+
251570,7 Days to Die,https://store.steampowered.com/app/251570/,https://imho.run/games/251570/7-days-to-die?utm_source=github,online,2024,20k+
427410,Abiotic Factor,https://store.steampowered.com/app/427410/,https://imho.run/games/427410/abiotic-factor?utm_source=github,online,2025,20k+
813780,Age of Empires II: Definitive Edition,https://store.steampowered.com/app/813780/,https://imho.run/games/813780/age-of-empires-ii-definitive-edition?utm_source=github,online,2019,20k+
1466860,Age of Empires IV: Anniversary Edition,https://store.steampowered.com/app/1466860/,https://imho.run/games/1466860/age-of-empires-iv-anniversary-edition?utm_source=github,online,2021,20k+
270880,American Truck Simulator,https://store.steampowered.com/app/270880/,https://imho.run/games/270880/american-truck-simulator?utm_source=github,online,2016,20k+
945360,Among Us,https://store.steampowered.com/app/945360/,https://imho.run/games/945360/among-us?utm_source=github,online,2018,20k+
4126040,Aniimo,https://store.steampowered.com/app/4126040/,https://imho.run/games/4126040/aniimo?utm_source=github,online,2026,20k+
1172470,Apex Legends™,https://store.steampowered.com/app/1172470/,https://imho.run/games/1172470/apex-legends?utm_source=github,online,2020,20k+
1808500,ARC Raiders,https://store.steampowered.com/app/1808500/,https://imho.run/games/1808500/arc-raiders?utm_source=github,online,2025,20k+
2073620,Arena Breakout: Infinite,https://store.steampowered.com/app/2073620/,https://imho.run/games/2073620/arena-breakout-infinite?utm_source=github,online,2025,20k+
346110,ARK: Survival Evolved,https://store.steampowered.com/app/346110/,https://imho.run/games/346110/ark-survival-evolved?utm_source=github,online,2017,20k+
107410,Arma 3,https://store.steampowered.com/app/107410/,https://imho.run/games/107410/arma-3?utm_source=github,online,2013,20k+
1874880,Arma Reforger,https://store.steampowered.com/app/1874880/,https://imho.run/games/1874880/arma-reforger?utm_source=github,online,2023,20k+
289650,Assassin's Creed® Unity,https://store.steampowered.com/app/289650/,https://imho.run/games/289650/assassin-s-creed-unity?utm_source=github,online,2014,20k+
361420,ASTRONEER,https://store.steampowered.com/app/361420/,https://imho.run/games/361420/astroneer?utm_source=github,online,2019,20k+
924970,Back 4 Blood,https://store.steampowered.com/app/924970/,https://imho.run/games/924970/back-4-blood?utm_source=github,online,2021,20k+
1086940,Baldur's Gate 3,https://store.steampowered.com/app/1086940/,https://imho.run/games/1086940/baldur-s-gate-3?utm_source=github,online,2023,20k+
602960,Barotrauma,https://store.steampowered.com/app/602960/,https://imho.run/games/602960/barotrauma?utm_source=github,online,2023,20k+
1517290,Battlefield™ 2042,https://store.steampowered.com/app/1517290/,https://imho.run/games/1517290/battlefield-2042?utm_source=github,online,2021,20k+
346010,Besiege,https://store.steampowered.com/app/346010/,https://imho.run/games/346010/besiege?utm_source=github,online,2020,20k+
1478500,Big Walk,https://store.steampowered.com/app/1478500/,https://imho.run/games/1478500/big-walk?utm_source=github,online,2026,20k+
582660,Black Desert,https://store.steampowered.com/app/582660/,https://imho.run/games/582660/black-desert?utm_source=github,online,2017,20k+
960090,Bloons TD 6,https://store.steampowered.com/app/960090/,https://imho.run/games/960090/bloons-td-6?utm_source=github,online,2018,20k+
3419430,Bongo Cat,https://store.steampowered.com/app/3419430/,https://imho.run/games/3419430/bongo-cat?utm_source=github,online,2025,20k+
49520,Borderlands 2,https://store.steampowered.com/app/49520/,https://imho.run/games/49520/borderlands-2?utm_source=github,online,2012,20k+
397540,Borderlands 3,https://store.steampowered.com/app/397540/,https://imho.run/games/397540/borderlands-3?utm_source=github,online,2020,20k+
1285190,Borderlands 4,https://store.steampowered.com/app/1285190/,https://imho.run/games/1285190/borderlands-4?utm_source=github,online,2025,20k+
10090,Call of Duty: World at War,https://store.steampowered.com/app/10090/,https://imho.run/games/10090/call-of-duty-world-at-war?utm_source=github,online,2008,20k+
1938090,Call of Duty®,https://store.steampowered.com/app/1938090/,https://imho.run/games/1938090/call-of-duty?utm_source=github,online,2022,20k+
1962663,Call of Duty®: Warzone™,https://store.steampowered.com/app/1962663/,https://imho.run/games/1962663/call-of-duty-warzone?utm_source=github,online,2022,20k+
635260,CarX Drift Racing Online,https://store.steampowered.com/app/635260/,https://imho.run/games/635260/carx-drift-racing-online?utm_source=github,online,2017,20k+
231430,Company of Heroes 2,https://store.steampowered.com/app/231430/,https://imho.run/games/231430/company-of-heroes-2?utm_source=github,online,2013,20k+
440900,Conan Exiles,https://store.steampowered.com/app/440900/,https://imho.run/games/440900/conan-exiles?utm_source=github,online,2018,20k+
2881650,Content Warning,https://store.steampowered.com/app/2881650/,https://imho.run/games/2881650/content-warning?utm_source=github,online,2024,20k+
1621690,Core Keeper,https://store.steampowered.com/app/1621690/,https://imho.run/games/1621690/core-keeper?utm_source=github,online,2024,20k+
774801,Crab Champions,https://store.steampowered.com/app/774801/,https://imho.run/games/774801/crab-champions?utm_source=github,online,2023,20k+
1782210,Crab Game,https://store.steampowered.com/app/1782210/,https://imho.run/games/1782210/crab-game?utm_source=github,online,2021,20k+
386180,Crossout,https://store.steampowered.com/app/386180/,https://imho.run/games/386180/crossout?utm_source=github,online,2017,20k+
223710,Cry of Fear,https://store.steampowered.com/app/223710/,https://imho.run/games/223710/cry-of-fear?utm_source=github,online,2013,20k+
2016590,Dark and Darker,https://store.steampowered.com/app/2016590/,https://imho.run/games/2016590/dark-and-darker?utm_source=github,online,2024,20k+
335300,DARK SOULS™ II: Scholar of the First Sin,https://store.steampowered.com/app/335300/,https://imho.run/games/335300/dark-souls-ii-scholar-of-the-first-sin?utm_source=github,online,2015,20k+
374320,DARK SOULS™ III,https://store.steampowered.com/app/374320/,https://imho.run/games/374320/dark-souls-iii?utm_source=github,online,2016,20k+
221100,DayZ,https://store.steampowered.com/app/221100/,https://imho.run/games/221100/dayz?utm_source=github,online,2018,20k+
223750,DCS World Steam Edition,https://store.steampowered.com/app/223750/,https://imho.run/games/223750/dcs-world-steam-edition?utm_source=github,online,2013,20k+
381210,Dead by Daylight,https://store.steampowered.com/app/381210/,https://imho.run/games/381210/dead-by-daylight?utm_source=github,online,2016,20k+
548430,Deep Rock Galactic,https://store.steampowered.com/app/548430/,https://imho.run/games/548430/deep-rock-galactic?utm_source=github,online,2020,20k+
2507950,Delta Force,https://store.steampowered.com/app/2507950/,https://imho.run/games/2507950/delta-force?utm_source=github,online,2024,20k+
1085660,Destiny 2,https://store.steampowered.com/app/1085660/,https://imho.run/games/1085660/destiny-2?utm_source=github,online,2019,20k+
601150,Devil May Cry 5,https://store.steampowered.com/app/601150/,https://imho.run/games/601150/devil-may-cry-5?utm_source=github,online,2019,20k+
1274570,DEVOUR,https://store.steampowered.com/app/1274570/,https://imho.run/games/1274570/devour?utm_source=github,online,2021,20k+
322330,Don't Starve Together,https://store.steampowered.com/app/322330/,https://imho.run/games/322330/don-t-starve-together?utm_source=github,online,2016,20k+
379720,DOOM,https://store.steampowered.com/app/379720/,https://imho.run/games/379720/doom?utm_source=github,online,2016,20k+
570,Dota 2,https://store.steampowered.com/app/570/,https://imho.run/games/570/dota-2?utm_source=github,online,2013,20k+
1172710,Dune: Awakening,https://store.steampowered.com/app/1172710/,https://imho.run/games/1172710/dune-awakening?utm_source=github,online,2025,20k+
239140,Dying Light,https://store.steampowered.com/app/239140/,https://imho.run/games/239140/dying-light?utm_source=github,online,2015,20k+
534380,Dying Light 2 Stay Human: Reloaded Edition,https://store.steampowered.com/app/534380/,https://imho.run/games/534380/dying-light-2-stay-human-reloaded-edition?utm_source=github,online,2022,20k+
3008130,Dying Light: The Beast,https://store.steampowered.com/app/3008130/,https://imho.run/games/3008130/dying-light-the-beast?utm_source=github,online,2025,20k+
1245620,ELDEN RING,https://store.steampowered.com/app/1245620/,https://imho.run/games/1245620/elden-ring?utm_source=github,online,2022,20k+
2622380,ELDEN RING NIGHTREIGN,https://store.steampowered.com/app/2622380/,https://imho.run/games/2622380/elden-ring-nightreign?utm_source=github,online,2025,20k+
359320,Elite Dangerous,https://store.steampowered.com/app/359320/,https://imho.run/games/359320/elite-dangerous?utm_source=github,online,2015,20k+
1203620,Enshrouded,https://store.steampowered.com/app/1203620/,https://imho.run/games/1203620/enshrouded?utm_source=github,online,2024,20k+
1943950,Escape the Backrooms,https://store.steampowered.com/app/1943950/,https://imho.run/games/1943950/escape-the-backrooms?utm_source=github,online,2025,20k+
227300,Euro Truck Simulator 2,https://store.steampowered.com/app/227300/,https://imho.run/games/227300/euro-truck-simulator-2?utm_source=github,online,2012,20k+
236850,Europa Universalis IV,https://store.steampowered.com/app/236850/,https://imho.run/games/236850/europa-universalis-iv?utm_source=github,online,2013,20k+
8500,EVE Online,https://store.steampowered.com/app/8500/,https://imho.run/games/8500/eve-online?utm_source=github,online,2010,20k+
427520,Factorio,https://store.steampowered.com/app/427520/,https://imho.run/games/427520/factorio?utm_source=github,online,2020,20k+
1097150,Fall Guys,https://store.steampowered.com/app/1097150/,https://imho.run/games/1097150/fall-guys?utm_source=github,online,2020,20k+
1151340,Fallout 76,https://store.steampowered.com/app/1151340/,https://imho.run/games/1151340/fallout-76?utm_source=github,online,2020,20k+
220240,Far Cry 3,https://store.steampowered.com/app/220240/,https://imho.run/games/220240/far-cry-3?utm_source=github,online,2012,20k+
298110,Far Cry® 4,https://store.steampowered.com/app/298110/,https://imho.run/games/298110/far-cry-4?utm_source=github,online,2014,20k+
552520,Far Cry® 5,https://store.steampowered.com/app/552520/,https://imho.run/games/552520/far-cry-5?utm_source=github,online,2018,20k+
3124540,Far Far West,https://store.steampowered.com/app/3124540/,https://imho.run/games/3124540/far-far-west?utm_source=github,online,2026,20k+
787860,Farming Simulator 19,https://store.steampowered.com/app/787860/,https://imho.run/games/787860/farming-simulator-19?utm_source=github,online,2018,20k+
1248130,Farming Simulator 22,https://store.steampowered.com/app/1248130/,https://imho.run/games/1248130/farming-simulator-22?utm_source=github,online,2021,20k+
39210,FINAL FANTASY XIV Online,https://store.steampowered.com/app/39210/,https://imho.run/games/39210/final-fantasy-xiv-online?utm_source=github,online,2014,20k+
380600,Fishing Planet,https://store.steampowered.com/app/380600/,https://imho.run/games/380600/fishing-planet?utm_source=github,online,2017,20k+
265630,Fistful of Frags,https://store.steampowered.com/app/265630/,https://imho.run/games/265630/fistful-of-frags?utm_source=github,online,2014,20k+
304390,FOR HONOR™,https://store.steampowered.com/app/304390/,https://imho.run/games/304390/for-honor?utm_source=github,online,2017,20k+
1293830,Forza Horizon 4,https://store.steampowered.com/app/1293830/,https://imho.run/games/1293830/forza-horizon-4?utm_source=github,online,2021,20k+
1551360,Forza Horizon 5,https://store.steampowered.com/app/1551360/,https://imho.run/games/1551360/forza-horizon-5?utm_source=github,online,2021,20k+
2483190,Forza Horizon 6,https://store.steampowered.com/app/2483190/,https://imho.run/games/2483190/forza-horizon-6?utm_source=github,online,2026,20k+
2943650,FragPunk,https://store.steampowered.com/app/2943650/,https://imho.run/games/2943650/fragpunk?utm_source=github,online,2025,20k+
4000,Garry's Mod,https://store.steampowered.com/app/4000/,https://imho.run/games/4000/garry-s-mod?utm_source=github,online,2006,20k+
2215430,Ghost of Tsushima DIRECTOR'S CUT,https://store.steampowered.com/app/2215430/,https://imho.run/games/2215430/ghost-of-tsushima-director-s-cut?utm_source=github,online,2024,20k+
3240220,Grand Theft Auto V Enhanced,https://store.steampowered.com/app/3240220/,https://imho.run/games/3240220/grand-theft-auto-v-enhanced?utm_source=github,online,2025,20k+
271590,Grand Theft Auto V Legacy,https://store.steampowered.com/app/271590/,https://imho.run/games/271590/grand-theft-auto-v-legacy?utm_source=github,online,2015,20k+
2479810,Gray Zone Warfare,https://store.steampowered.com/app/2479810/,https://imho.run/games/2479810/gray-zone-warfare?utm_source=github,online,2024,20k+
815370,Green Hell,https://store.steampowered.com/app/815370/,https://imho.run/games/815370/green-hell?utm_source=github,online,2019,20k+
219990,Grim Dawn,https://store.steampowered.com/app/219990/,https://imho.run/games/219990/grim-dawn?utm_source=github,online,2016,20k+
16900,GROUND BRANCH,https://store.steampowered.com/app/16900/,https://imho.run/games/16900/ground-branch?utm_source=github,online,2026,20k+
962130,Grounded,https://store.steampowered.com/app/962130/,https://imho.run/games/962130/grounded?utm_source=github,online,2022,20k+
493520,GTFO,https://store.steampowered.com/app/493520/,https://imho.run/games/493520/gtfo?utm_source=github,online,2021,20k+
1217060,Gunfire Reborn,https://store.steampowered.com/app/1217060/,https://imho.run/games/1217060/gunfire-reborn?utm_source=github,online,2021,20k+
976730,Halo: The Master Chief Collection,https://store.steampowered.com/app/976730/,https://imho.run/games/976730/halo-the-master-chief-collection?utm_source=github,online,2019,20k+
394360,Hearts of Iron IV,https://store.steampowered.com/app/394360/,https://imho.run/games/394360/hearts-of-iron-iv?utm_source=github,online,2016,20k+
553850,HELLDIVERS™ 2,https://store.steampowered.com/app/553850/,https://imho.run/games/553850/helldivers-2?utm_source=github,online,2024,20k+
4001890,How to Fish,https://store.steampowered.com/app/4001890/,https://imho.run/games/4001890/how-to-fish?utm_source=github,online,2026,20k+
594650,Hunt: Showdown 1896,https://store.steampowered.com/app/594650/,https://imho.run/games/594650/hunt-showdown-1896?utm_source=github,online,2019,20k+
1149460,ICARUS,https://store.steampowered.com/app/1149460/,https://imho.run/games/1149460/icarus?utm_source=github,online,2021,20k+
1476970,IdleOn,https://store.steampowered.com/app/1476970/,https://imho.run/games/1476970/idleon?utm_source=github,online,2025,20k+
222880,Insurgency,https://store.steampowered.com/app/222880/,https://imho.run/games/222880/insurgency?utm_source=github,online,2014,20k+
581320,Insurgency: Sandstorm,https://store.steampowered.com/app/581320/,https://imho.run/games/581320/insurgency-sandstorm?utm_source=github,online,2018,20k+
1250,Killing Floor,https://store.steampowered.com/app/1250/,https://imho.run/games/1250/killing-floor?utm_source=github,online,2009,20k+
232090,Killing Floor 2,https://store.steampowered.com/app/232090/,https://imho.run/games/232090/killing-floor-2?utm_source=github,online,2016,20k+
899770,Last Epoch,https://store.steampowered.com/app/899770/,https://imho.run/games/899770/last-epoch?utm_source=github,online,2024,20k+
550,Left 4 Dead 2,https://store.steampowered.com/app/550/,https://imho.run/games/550/left-4-dead-2?utm_source=github,online,2009,20k+
1966720,Lethal Company,https://store.steampowered.com/app/1966720/,https://imho.run/games/1966720/lethal-company?utm_source=github,online,2023,20k+
1599340,Lost Ark,https://store.steampowered.com/app/1599340/,https://imho.run/games/1599340/lost-ark?utm_source=github,online,2022,20k+
2767030,Marvel Rivals,https://store.steampowered.com/app/2767030/,https://imho.run/games/2767030/marvel-rivals?utm_source=github,online,2024,20k+
489520,Minion Masters,https://store.steampowered.com/app/489520/,https://imho.run/games/489520/minion-masters?utm_source=github,online,2019,20k+
1446780,MONSTER HUNTER RISE,https://store.steampowered.com/app/1446780/,https://imho.run/games/1446780/monster-hunter-rise?utm_source=github,online,2022,20k+
2246340,Monster Hunter Wilds,https://store.steampowered.com/app/2246340/,https://imho.run/games/2246340/monster-hunter-wilds?utm_source=github,online,2025,20k+
582010,Monster Hunter: World,https://store.steampowered.com/app/582010/,https://imho.run/games/582010/monster-hunter-world?utm_source=github,online,2018,20k+
629760,MORDHAU,https://store.steampowered.com/app/629760/,https://imho.run/games/629760/mordhau?utm_source=github,online,2019,20k+
1625450,Muck,https://store.steampowered.com/app/1625450/,https://imho.run/games/1625450/muck?utm_source=github,online,2021,20k+
1419170,My Singing Monsters,https://store.steampowered.com/app/1419170/,https://imho.run/games/1419170/my-singing-monsters?utm_source=github,online,2021,20k+
1222680,Need for Speed™ Heat,https://store.steampowered.com/app/1222680/,https://imho.run/games/1222680/need-for-speed-heat?utm_source=github,online,2020,20k+
1063730,New World: Aeternum,https://store.steampowered.com/app/1063730/,https://imho.run/games/1063730/new-world-aeternum?utm_source=github,online,2021,20k+
275850,No Man's Sky,https://store.steampowered.com/app/275850/,https://imho.run/games/275850/no-man-s-sky?utm_source=github,online,2016,20k+
224260,No More Room in Hell,https://store.steampowered.com/app/224260/,https://imho.run/games/224260/no-more-room-in-hell?utm_source=github,online,2013,20k+
1371980,No Rest for the Wicked,https://store.steampowered.com/app/1371980/,https://imho.run/games/1371980/no-rest-for-the-wicked?utm_source=github,online,2024,20k+
466560,Northgard: Definitive Edition,https://store.steampowered.com/app/466560/,https://imho.run/games/466560/northgard-definitive-edition?utm_source=github,online,2018,20k+
2139460,Once Human,https://store.steampowered.com/app/2139460/,https://imho.run/games/2139460/once-human?utm_source=github,online,2024,20k+
2551020,One-armed robber,https://store.steampowered.com/app/2551020/,https://imho.run/games/2551020/one-armed-robber?utm_source=github,online,2023,20k+
680420,OUTRIDERS,https://store.steampowered.com/app/680420/,https://imho.run/games/680420/outriders?utm_source=github,online,2021,20k+
2357570,Overwatch®,https://store.steampowered.com/app/2357570/,https://imho.run/games/2357570/overwatch?utm_source=github,online,2023,20k+
2707930,Palia,https://store.steampowered.com/app/2707930/,https://imho.run/games/2707930/palia?utm_source=github,online,2024,20k+
1623730,Palworld,https://store.steampowered.com/app/1623730/,https://imho.run/games/1623730/palworld?utm_source=github,online,2026,20k+
238960,Path of Exile,https://store.steampowered.com/app/238960/,https://imho.run/games/238960/path-of-exile?utm_source=github,online,2013,20k+
2694490,Path of Exile 2,https://store.steampowered.com/app/2694490/,https://imho.run/games/2694490/path-of-exile-2?utm_source=github,online,2024,20k+
555160,Pavlov,https://store.steampowered.com/app/555160/,https://imho.run/games/555160/pavlov?utm_source=github,online,2024,20k+
218620,PAYDAY 2,https://store.steampowered.com/app/218620/,https://imho.run/games/218620/payday-2?utm_source=github,online,2013,20k+
1272080,PAYDAY 3,https://store.steampowered.com/app/1272080/,https://imho.run/games/1272080/payday-3?utm_source=github,online,2023,20k+
3527290,PEAK,https://store.steampowered.com/app/3527290/,https://imho.run/games/3527290/peak?utm_source=github,online,2025,20k+
739630,Phasmophobia,https://store.steampowered.com/app/739630/,https://imho.run/games/739630/phasmophobia?utm_source=github,online,2020,20k+
2524890,Pixel Gun 3D: PC Edition,https://store.steampowered.com/app/2524890/,https://imho.run/games/2524890/pixel-gun-3d-pc-edition?utm_source=github,online,2024,20k+
246620,Plague Inc: Evolved,https://store.steampowered.com/app/246620/,https://imho.run/games/246620/plague-inc-evolved?utm_source=github,online,2016,20k+
1922560,Plants vs. Zombies™ Garden Warfare 2: Deluxe Edition,https://store.steampowered.com/app/1922560/,https://imho.run/games/1922560/plants-vs-zombies-garden-warfare-2-deluxe-edition?utm_source=github,online,2022,20k+
1290000,PowerWash Simulator,https://store.steampowered.com/app/1290000/,https://imho.run/games/1290000/powerwash-simulator?utm_source=github,online,2022,20k+
1961460,PROJECT: PLAYTIME,https://store.steampowered.com/app/1961460/,https://imho.run/games/1961460/project-playtime?utm_source=github,online,2022,20k+
3241660,R.E.P.O.,https://store.steampowered.com/app/3241660/,https://imho.run/games/3241660/r-e-p-o?utm_source=github,online,2025,20k+
648800,Raft,https://store.steampowered.com/app/648800/,https://imho.run/games/648800/raft?utm_source=github,online,2022,20k+
1144200,Ready or Not,https://store.steampowered.com/app/1144200/,https://imho.run/games/1144200/ready-or-not?utm_source=github,online,2023,20k+
200210,Realm of the Mad God Exalt,https://store.steampowered.com/app/200210/,https://imho.run/games/200210/realm-of-the-mad-god-exalt?utm_source=github,online,2012,20k+
471710,Rec Room,https://store.steampowered.com/app/471710/,https://imho.run/games/471710/rec-room?utm_source=github,online,2021,20k+
1404210,Red Dead Online,https://store.steampowered.com/app/1404210/,https://imho.run/games/1404210/red-dead-online?utm_source=github,online,2020,20k+
1174180,Red Dead Redemption 2,https://store.steampowered.com/app/1174180/,https://imho.run/games/1174180/red-dead-redemption-2?utm_source=github,online,2019,20k+
1282100,REMNANT II®,https://store.steampowered.com/app/1282100/,https://imho.run/games/1282100/remnant-ii?utm_source=github,online,2023,20k+
617290,Remnant: From the Ashes,https://store.steampowered.com/app/617290/,https://imho.run/games/617290/remnant-from-the-ashes?utm_source=github,online,2019,20k+
632360,Risk of Rain 2,https://store.steampowered.com/app/632360/,https://imho.run/games/632360/risk-of-rain-2?utm_source=github,online,2020,20k+
301520,Robocraft,https://store.steampowered.com/app/301520/,https://imho.run/games/301520/robocraft?utm_source=github,online,2017,20k+
1374490,RuneScape: Dragonwilds,https://store.steampowered.com/app/1374490/,https://imho.run/games/1374490/runescape-dragonwilds?utm_source=github,online,2025,20k+
252490,Rust,https://store.steampowered.com/app/252490/,https://imho.run/games/252490/rust?utm_source=github,online,2018,20k+
3949040,RV There Yet?,https://store.steampowered.com/app/3949040/,https://imho.run/games/3949040/rv-there-yet?utm_source=github,online,2025,20k+
206420,Saints Row IV: Re-Elected,https://store.steampowered.com/app/206420/,https://imho.run/games/206420/saints-row-iv-re-elected?utm_source=github,online,2013,20k+
526870,Satisfactory,https://store.steampowered.com/app/526870/,https://imho.run/games/526870/satisfactory?utm_source=github,online,2024,20k+
3164500,Schedule I,https://store.steampowered.com/app/3164500/,https://imho.run/games/3164500/schedule-i?utm_source=github,online,2025,20k+
387990,Scrap Mechanic,https://store.steampowered.com/app/387990/,https://imho.run/games/387990/scrap-mechanic?utm_source=github,online,2026,20k+
513710,SCUM,https://store.steampowered.com/app/513710/,https://imho.run/games/513710/scum?utm_source=github,online,2025,20k+
1172620,Sea of Thieves: 2026 Edition,https://store.steampowered.com/app/1172620/,https://imho.run/games/1172620/sea-of-thieves-2026-edition?utm_source=github,online,2020,20k+
3354750,skate.,https://store.steampowered.com/app/3354750/,https://imho.run/games/3354750/skate?utm_source=github,online,2025,20k+
2868840,Slay the Spire 2,https://store.steampowered.com/app/2868840/,https://imho.run/games/2868840/slay-the-spire-2?utm_source=github,online,2026,20k+
1326470,Sons Of The Forest,https://store.steampowered.com/app/1326470/,https://imho.run/games/1326470/sons-of-the-forest?utm_source=github,online,2024,20k+
244850,Space Engineers,https://store.steampowered.com/app/244850/,https://imho.run/games/244850/space-engineers?utm_source=github,online,2019,20k+
393380,Squad,https://store.steampowered.com/app/393380/,https://imho.run/games/393380/squad?utm_source=github,online,2020,20k+
1286830,STAR WARS™: The Old Republic™,https://store.steampowered.com/app/1286830/,https://imho.run/games/1286830/star-wars-the-old-republic?utm_source=github,online,2020,20k+
211820,Starbound,https://store.steampowered.com/app/211820/,https://imho.run/games/211820/starbound?utm_source=github,online,2016,20k+
1268750,Starship Troopers: Extermination,https://store.steampowered.com/app/1268750/,https://imho.run/games/1268750/starship-troopers-extermination?utm_source=github,online,2024,20k+
495420,State of Decay 2: Juggernaut Edition,https://store.steampowered.com/app/495420/,https://imho.run/games/495420/state-of-decay-2-juggernaut-edition?utm_source=github,online,2020,20k+
573090,Stormworks: Build and Rescue,https://store.steampowered.com/app/573090/,https://imho.run/games/573090/stormworks-build-and-rescue?utm_source=github,online,2020,20k+
1962700,Subnautica 2,https://store.steampowered.com/app/1962700/,https://imho.run/games/1962700/subnautica-2?utm_source=github,online,2026,20k+
2670630,Supermarket Simulator,https://store.steampowered.com/app/2670630/,https://imho.run/games/2670630/supermarket-simulator?utm_source=github,online,2025,20k+
2709570,Supermarket Together,https://store.steampowered.com/app/2709570/,https://imho.run/games/2709570/supermarket-together?utm_source=github,online,2024,20k+
1167630,Teardown,https://store.steampowered.com/app/1167630/,https://imho.run/games/1167630/teardown?utm_source=github,online,2022,20k+
105600,Terraria,https://store.steampowered.com/app/105600/,https://imho.run/games/105600/terraria?utm_source=github,online,2011,20k+
646910,The Crew™ 2,https://store.steampowered.com/app/646910/,https://imho.run/games/646910/the-crew-2?utm_source=github,online,2018,20k+
306130,The Elder Scrolls® Online,https://store.steampowered.com/app/306130/,https://imho.run/games/306130/the-elder-scrolls-online?utm_source=github,online,2017,20k+
2073850,THE FINALS,https://store.steampowered.com/app/2073850/,https://imho.run/games/2073850/the-finals?utm_source=github,online,2023,20k+
2074920,The First Descendant,https://store.steampowered.com/app/2074920/,https://imho.run/games/2074920/the-first-descendant?utm_source=github,online,2024,20k+
242760,The Forest,https://store.steampowered.com/app/242760/,https://imho.run/games/242760/the-forest?utm_source=github,online,2018,20k+
1304930,The Outlast Trials,https://store.steampowered.com/app/1304930/,https://imho.run/games/1304930/the-outlast-trials?utm_source=github,online,2024,20k+
1284190,The Planet Crafter,https://store.steampowered.com/app/1284190/,https://imho.run/games/1284190/the-planet-crafter?utm_source=github,online,2024,20k+
518790,theHunter: Call of the Wild™,https://store.steampowered.com/app/518790/,https://imho.run/games/518790/thehunter-call-of-the-wild?utm_source=github,online,2017,20k+
2429640,Throne and Liberty,https://store.steampowered.com/app/2429640/,https://imho.run/games/2429640/throne-and-liberty?utm_source=github,online,2024,20k+
460930,Tom Clancy's Ghost Recon® Wildlands,https://store.steampowered.com/app/460930/,https://imho.run/games/460930/tom-clancy-s-ghost-recon-wildlands?utm_source=github,online,2017,20k+
359550,Tom Clancy's Rainbow Six Siege,https://store.steampowered.com/app/359550/,https://imho.run/games/359550/tom-clancy-s-rainbow-six-siege?utm_source=github,online,2015,20k+
365590,Tom Clancy’s The Division™,https://store.steampowered.com/app/365590/,https://imho.run/games/365590/tom-clancy-s-the-division?utm_source=github,online,2016,20k+
214950,Total War: ROME II - Emperor Edition,https://store.steampowered.com/app/214950/,https://imho.run/games/214950/total-war-rome-ii-emperor-edition?utm_source=github,online,2013,20k+
34330,Total War: SHOGUN 2,https://store.steampowered.com/app/34330/,https://imho.run/games/34330/total-war-shogun-2?utm_source=github,online,2011,20k+
594570,Total War: WARHAMMER II,https://store.steampowered.com/app/594570/,https://imho.run/games/594570/total-war-warhammer-ii?utm_source=github,online,2017,20k+
1142710,Total War: WARHAMMER III,https://store.steampowered.com/app/1142710/,https://imho.run/games/1142710/total-war-warhammer-iii?utm_source=github,online,2022,20k+
585420,Trailmakers,https://store.steampowered.com/app/585420/,https://imho.run/games/585420/trailmakers?utm_source=github,online,2019,20k+
304050,Trove,https://store.steampowered.com/app/304050/,https://imho.run/games/304050/trove?utm_source=github,online,2015,20k+
304930,Unturned,https://store.steampowered.com/app/304930/,https://imho.run/games/304930/unturned?utm_source=github,online,2017,20k+
1604030,V Rising,https://store.steampowered.com/app/1604030/,https://imho.run/games/1604030/v-rising?utm_source=github,online,2024,20k+
892970,Valheim,https://store.steampowered.com/app/892970/,https://imho.run/games/892970/valheim?utm_source=github,online,2026,20k+
1794680,Vampire Survivors,https://store.steampowered.com/app/1794680/,https://imho.run/games/1794680/vampire-survivors?utm_source=github,online,2022,20k+
438100,VRChat,https://store.steampowered.com/app/438100/,https://imho.run/games/438100/vrchat?utm_source=github,online,2017,20k+
236390,War Thunder,https://store.steampowered.com/app/236390/,https://imho.run/games/236390/war-thunder?utm_source=github,online,2013,20k+
230410,Warframe,https://store.steampowered.com/app/230410/,https://imho.run/games/230410/warframe?utm_source=github,online,2013,20k+
1361210,"Warhammer 40,000: Darktide",https://store.steampowered.com/app/1361210/,https://imho.run/games/1361210/warhammer-40-000-darktide?utm_source=github,online,2022,20k+
2183900,"Warhammer 40,000: Space Marine 2",https://store.steampowered.com/app/2183900/,https://imho.run/games/2183900/warhammer-40-000-space-marine-2?utm_source=github,online,2024,20k+
552500,Warhammer: Vermintide 2,https://store.steampowered.com/app/552500/,https://imho.run/games/552500/warhammer-vermintide-2?utm_source=github,online,2018,20k+
447040,Watch_Dogs® 2,https://store.steampowered.com/app/447040/,https://imho.run/games/447040/watch-dogs-2?utm_source=github,online,2016,20k+
3146520,WEBFISHING,https://store.steampowered.com/app/3146520/,https://imho.run/games/3146520/webfishing?utm_source=github,online,2024,20k+
3564740,Where Winds Meet,https://store.steampowered.com/app/3564740/,https://imho.run/games/3564740/where-winds-meet?utm_source=github,online,2025,20k+
444200,World of Tanks Blitz,https://store.steampowered.com/app/444200/,https://imho.run/games/444200/world-of-tanks-blitz?utm_source=github,online,2016,20k+
552990,World of Warships,https://store.steampowered.com/app/552990/,https://imho.run/games/552990/world-of-warships?utm_source=github,online,2017,20k+
282800,100% Orange Juice,https://store.steampowered.com/app/282800/,https://imho.run/games/282800/100-orange-juice?utm_source=github,online,2014,5k+
712100,A Total War Saga: THRONES OF BRITANNIA,https://store.steampowered.com/app/712100/,https://imho.run/games/712100/a-total-war-saga-thrones-of-britannia?utm_source=github,online,2018,5k+
473690,Absolver,https://store.steampowered.com/app/473690/,https://imho.run/games/473690/absolver?utm_source=github,online,2017,5k+
2288340,ACE COMBAT 8: WINGS OF THEVE,https://store.steampowered.com/app/2288340/,https://imho.run/games/2288340/ace-combat-8-wings-of-theve?utm_source=github,online,2026,5k+
224540,Ace of Spades: Battle Builder,https://store.steampowered.com/app/224540/,https://imho.run/games/224540/ace-of-spades-battle-builder?utm_source=github,online,2012,5k+
1385380,Across the Obelisk,https://store.steampowered.com/app/1385380/,https://imho.run/games/1385380/across-the-obelisk?utm_source=github,online,2022,5k+
429790,AdventureQuest 3D,https://store.steampowered.com/app/429790/,https://imho.run/games/429790/adventurequest-3d?utm_source=github,online,2022,5k+
1426450,Age of Darkness: Final Stand,https://store.steampowered.com/app/1426450/,https://imho.run/games/1426450/age-of-darkness-final-stand?utm_source=github,online,2025,5k+
266840,Age of Mythology: Extended Edition,https://store.steampowered.com/app/266840/,https://imho.run/games/266840/age-of-mythology-extended-edition?utm_source=github,online,2014,5k+
1934680,Age of Mythology: Retold,https://store.steampowered.com/app/1934680/,https://imho.run/games/1934680/age-of-mythology-retold?utm_source=github,online,2024,5k+
1669000,Age of Wonders 4,https://store.steampowered.com/app/1669000/,https://imho.run/games/1669000/age-of-wonders-4?utm_source=github,online,2023,5k+
206500,AirMech,https://store.steampowered.com/app/206500/,https://imho.run/games/206500/airmech?utm_source=github,online,2018,5k+
630,Alien Swarm,https://store.steampowered.com/app/630/,https://imho.run/games/630/alien-swarm?utm_source=github,online,2010,5k+
563560,Alien Swarm: Reactive Drop,https://store.steampowered.com/app/563560/,https://imho.run/games/563560/alien-swarm-reactive-drop?utm_source=github,online,2017,5k+
10680,Aliens vs. Predator™,https://store.steampowered.com/app/10680/,https://imho.run/games/10680/aliens-vs-predator?utm_source=github,online,2010,5k+
1549970,Aliens: Fireteam Elite,https://store.steampowered.com/app/1549970/,https://imho.run/games/1549970/aliens-fireteam-elite?utm_source=github,online,2021,5k+
916440,Anno 1800,https://store.steampowered.com/app/916440/,https://imho.run/games/916440/anno-1800?utm_source=github,online,2019,5k+
33930,Arma 2: Operation Arrowhead,https://store.steampowered.com/app/33930/,https://imho.run/games/33930/arma-2-operation-arrowhead?utm_source=github,online,2010,5k+
1898300,ASKA,https://store.steampowered.com/app/1898300/,https://imho.run/games/1898300/aska?utm_source=github,online,2024,5k+
1815780,Asphalt Legends,https://store.steampowered.com/app/1815780/,https://imho.run/games/1815780/asphalt-legends?utm_source=github,online,2022,5k+
834910,ATLAS,https://store.steampowered.com/app/834910/,https://imho.run/games/834910/atlas?utm_source=github,online,2018,5k+
2768430,ATLYSS,https://store.steampowered.com/app/2768430/,https://imho.run/games/2768430/atlyss?utm_source=github,online,2024,5k+
2840770,Avatar: Frontiers of Pandora™,https://store.steampowered.com/app/2840770/,https://imho.run/games/2840770/avatar-frontiers-of-pandora?utm_source=github,online,2024,5k+
445220,Avorion,https://store.steampowered.com/app/445220/,https://imho.run/games/445220/avorion?utm_source=github,online,2020,5k+
2141730,Backrooms: Escape Together,https://store.steampowered.com/app/2141730/,https://imho.run/games/2141730/backrooms-escape-together?utm_source=github,online,2022,5k+
257350,Baldur's Gate II: Enhanced Edition,https://store.steampowered.com/app/257350/,https://imho.run/games/257350/baldur-s-gate-ii-enhanced-edition?utm_source=github,online,2013,5k+
228280,Baldur's Gate: Enhanced Edition,https://store.steampowered.com/app/228280/,https://imho.run/games/228280/baldur-s-gate-enhanced-edition?utm_source=github,online,2013,5k+
573100,Battlefleet Gothic: Armada 2,https://store.steampowered.com/app/573100/,https://imho.run/games/573100/battlefleet-gothic-armada-2?utm_source=github,online,2019,5k+
1812450,Bellwright,https://store.steampowered.com/app/1812450/,https://imho.run/games/1812450/bellwright?utm_source=github,online,2024,5k+
509980,BIGFOOT,https://store.steampowered.com/app/509980/,https://imho.run/games/509980/bigfoot?utm_source=github,online,2017,5k+
420290,Blackwake,https://store.steampowered.com/app/420290/,https://imho.run/games/420290/blackwake?utm_source=github,online,2020,5k+
1201240,BLEACH Brave Souls,https://store.steampowered.com/app/1201240/,https://imho.run/games/1201240/bleach-brave-souls?utm_source=github,online,2020,5k+
434570,Blood and Bacon,https://store.steampowered.com/app/434570/,https://imho.run/games/434570/blood-and-bacon?utm_source=github,online,2016,5k+
3199170,Blood Strike,https://store.steampowered.com/app/3199170/,https://imho.run/games/3199170/blood-strike?utm_source=github,online,2025,5k+
306020,Bloons TD 5,https://store.steampowered.com/app/306020/,https://imho.run/games/306020/bloons-td-5?utm_source=github,online,2014,5k+
3681810,Blue Protocol: Star Resonance,https://store.steampowered.com/app/3681810/,https://imho.run/games/3681810/blue-protocol-star-resonance?utm_source=github,online,2025,5k+
8980,Borderlands Game of the Year,https://store.steampowered.com/app/8980/,https://imho.run/games/8980/borderlands-game-of-the-year?utm_source=github,online,2023,5k+
729040,Borderlands Game of the Year Enhanced,https://store.steampowered.com/app/729040/,https://imho.run/games/729040/borderlands-game-of-the-year-enhanced?utm_source=github,online,2023,5k+
261640,Borderlands: The Pre-Sequel,https://store.steampowered.com/app/261640/,https://imho.run/games/261640/borderlands-the-pre-sequel?utm_source=github,online,2014,5k+
2791440,Brighter Shores,https://store.steampowered.com/app/2791440/,https://imho.run/games/2791440/brighter-shores?utm_source=github,online,2024,5k+
1590320,Bro Falls,https://store.steampowered.com/app/1590320/,https://imho.run/games/1590320/bro-falls?utm_source=github,online,2021,5k+
1604270,Broken Arrow,https://store.steampowered.com/app/1604270/,https://imho.run/games/1604270/broken-arrow?utm_source=github,online,2025,5k+
307950,Caliber,https://store.steampowered.com/app/307950/,https://imho.run/games/307950/caliber?utm_source=github,online,2023,5k+
42700,Call of Duty®: Black Ops,https://store.steampowered.com/app/42700/,https://imho.run/games/42700/call-of-duty-black-ops?utm_source=github,online,2010,5k+
2933620,Call of Duty®: Black Ops 6,https://store.steampowered.com/app/2933620/,https://imho.run/games/2933620/call-of-duty-black-ops-6?utm_source=github,online,2024,5k+
4384550,Call of Duty®: Black Ops 6,https://store.steampowered.com/app/4384550/,https://imho.run/games/4384550/call-of-duty-black-ops-6?utm_source=github,online,2026,5k+
1985810,Call of Duty®: Black Ops Cold War,https://store.steampowered.com/app/1985810/,https://imho.run/games/1985810/call-of-duty-black-ops-cold-war?utm_source=github,online,2023,5k+
202970,Call of Duty®: Black Ops II,https://store.steampowered.com/app/202970/,https://imho.run/games/202970/call-of-duty-black-ops-ii?utm_source=github,online,2012,5k+
292730,Call of Duty®: Infinite Warfare,https://store.steampowered.com/app/292730/,https://imho.run/games/292730/call-of-duty-infinite-warfare?utm_source=github,online,2016,5k+
2000950,Call of Duty®: Modern Warfare®,https://store.steampowered.com/app/2000950/,https://imho.run/games/2000950/call-of-duty-modern-warfare?utm_source=github,online,2023,5k+
10180,Call of Duty®: Modern Warfare® 2 (2009),https://store.steampowered.com/app/10180/,https://imho.run/games/10180/call-of-duty-modern-warfare-2-2009?utm_source=github,online,2009,5k+
42680,Call of Duty®: Modern Warfare® 3 (2011),https://store.steampowered.com/app/42680/,https://imho.run/games/42680/call-of-duty-modern-warfare-3-2011?utm_source=github,online,2011,5k+
115300,Call of Duty®: Modern Warfare® 3 (2011),https://store.steampowered.com/app/115300/,https://imho.run/games/115300/call-of-duty-modern-warfare-3-2011?utm_source=github,online,2011,5k+
3595230,Call of Duty®: Modern Warfare® II,https://store.steampowered.com/app/3595230/,https://imho.run/games/3595230/call-of-duty-modern-warfare-ii?utm_source=github,online,2022,5k+
3595270,Call of Duty®: Modern Warfare® III,https://store.steampowered.com/app/3595270/,https://imho.run/games/3595270/call-of-duty-modern-warfare-iii?utm_source=github,online,2023,5k+
393080,Call of Duty®: Modern Warfare® Remastered (2017),https://store.steampowered.com/app/393080/,https://imho.run/games/393080/call-of-duty-modern-warfare-remastered-2017?utm_source=github,online,2017,5k+
302670,Call to Arms,https://store.steampowered.com/app/302670/,https://imho.run/games/302670/call-to-arms?utm_source=github,online,2018,5k+
400750,Call to Arms - Gates of Hell: Ostfront,https://store.steampowered.com/app/400750/,https://imho.run/games/400750/call-to-arms-gates-of-hell-ostfront?utm_source=github,online,2021,5k+
253430,CastleMiner Z,https://store.steampowered.com/app/253430/,https://imho.run/games/253430/castleminer-z?utm_source=github,online,2014,5k+
918570,Century: Age of Ashes,https://store.steampowered.com/app/918570/,https://imho.run/games/918570/century-age-of-ashes?utm_source=github,online,2021,5k+
597170,Clone Drone in the Danger Zone,https://store.steampowered.com/app/597170/,https://imho.run/games/597170/clone-drone-in-the-danger-zone?utm_source=github,online,2021,5k+
678960,CODE VEIN,https://store.steampowered.com/app/678960/,https://imho.run/games/678960/code-vein?utm_source=github,online,2019,5k+
355180,Codename CURE,https://store.steampowered.com/app/355180/,https://imho.run/games/355180/codename-cure?utm_source=github,online,2017,5k+
366090,Colony Survival,https://store.steampowered.com/app/366090/,https://imho.run/games/366090/colony-survival?utm_source=github,online,2017,5k+
1677280,Company of Heroes 3,https://store.steampowered.com/app/1677280/,https://imho.run/games/1677280/company-of-heroes-3?utm_source=github,online,2023,5k+
835570,Conqueror's Blade,https://store.steampowered.com/app/835570/,https://imho.run/games/835570/conqueror-s-blade?utm_source=github,online,2020,5k+
238430,Contagion,https://store.steampowered.com/app/238430/,https://imho.run/games/238430/contagion?utm_source=github,online,2013,5k+
1158160,Coral Island,https://store.steampowered.com/app/1158160/,https://imho.run/games/1158160/coral-island?utm_source=github,online,2023,5k+
799600,Cosmoteer: Starship Architect & Commander,https://store.steampowered.com/app/799600/,https://imho.run/games/799600/cosmoteer-starship-architect-commander?utm_source=github,online,2022,5k+
273110,Counter-Strike Nexon,https://store.steampowered.com/app/273110/,https://imho.run/games/273110/counter-strike-nexon?utm_source=github,online,2014,5k+
1307550,Craftopia,https://store.steampowered.com/app/1307550/,https://imho.run/games/1307550/craftopia?utm_source=github,online,2020,5k+
529180,Dark and Light,https://store.steampowered.com/app/529180/,https://imho.run/games/529180/dark-and-light?utm_source=github,online,2017,5k+
236430,DARK SOULS™ II,https://store.steampowered.com/app/236430/,https://imho.run/games/236430/dark-souls-ii?utm_source=github,online,2014,5k+
447820,Day of Infamy,https://store.steampowered.com/app/447820/,https://imho.run/games/447820/day-of-infamy?utm_source=github,online,2017,5k+
24200,DC Universe™ Online,https://store.steampowered.com/app/24200/,https://imho.run/games/24200/dc-universe-online?utm_source=github,online,2011,5k+
744900,Dead Frontier 2,https://store.steampowered.com/app/744900/,https://imho.run/games/744900/dead-frontier-2?utm_source=github,online,2019,5k+
934700,Dead Island 2,https://store.steampowered.com/app/934700/,https://imho.run/games/934700/dead-island-2?utm_source=github,online,2024,5k+
383150,Dead Island Definitive Edition,https://store.steampowered.com/app/383150/,https://imho.run/games/383150/dead-island-definitive-edition?utm_source=github,online,2016,5k+
265550,Dead Rising 3 Apocalypse Edition,https://store.steampowered.com/app/265550/,https://imho.run/games/265550/dead-rising-3-apocalypse-edition?utm_source=github,online,2014,5k+
895400,Deadside,https://store.steampowered.com/app/895400/,https://imho.run/games/895400/deadside?utm_source=github,online,2024,5k+
3228590,Deadzone: Rogue,https://store.steampowered.com/app/3228590/,https://imho.run/games/3228590/deadzone-rogue?utm_source=github,online,2025,5k+
2605790,Deep Rock Galactic: Rogue Core,https://store.steampowered.com/app/2605790/,https://imho.run/games/2605790/deep-rock-galactic-rogue-core?utm_source=github,online,2026,5k+
1929610,Demonologist,https://store.steampowered.com/app/1929610/,https://imho.run/games/1929610/demonologist?utm_source=github,online,2023,5k+
2344520,Diablo® IV,https://store.steampowered.com/app/2344520/,https://imho.run/games/2344520/diablo-iv?utm_source=github,online,2023,5k+
1062520,Dinkum,https://store.steampowered.com/app/1062520/,https://imho.run/games/1062520/dinkum?utm_source=github,online,2025,5k+
1239080,Door Kickers 2: Task Force North,https://store.steampowered.com/app/1239080/,https://imho.run/games/1239080/door-kickers-2-task-force-north?utm_source=github,online,2025,5k+
1222690,Dragon Age™ Inquisition,https://store.steampowered.com/app/1222690/,https://imho.run/games/1222690/dragon-age-inquisition?utm_source=github,online,2020,5k+
2072560,DRAGON BALL GEKISHIN SQUADRA,https://store.steampowered.com/app/2072560/,https://imho.run/games/2072560/dragon-ball-gekishin-squadra?utm_source=github,online,2025,5k+
323470,DRAGON BALL XENOVERSE,https://store.steampowered.com/app/323470/,https://imho.run/games/323470/dragon-ball-xenoverse?utm_source=github,online,2015,5k+
454650,DRAGON BALL XENOVERSE 2,https://store.steampowered.com/app/454650/,https://imho.run/games/454650/dragon-ball-xenoverse-2?utm_source=github,online,2016,5k+
4570720,DragonSword : Awakening,https://store.steampowered.com/app/4570720/,https://imho.run/games/4570720/dragonsword-awakening?utm_source=github,online,2026,5k+
2625420,Drive Beyond Horizons,https://store.steampowered.com/app/2625420/,https://imho.run/games/2625420/drive-beyond-horizons?utm_source=github,online,2025,5k+
1605220,Dune: Spice Wars,https://store.steampowered.com/app/1605220/,https://imho.run/games/1605220/dune-spice-wars?utm_source=github,online,2023,5k+
65800,Dungeon Defenders,https://store.steampowered.com/app/65800/,https://imho.run/games/65800/dungeon-defenders?utm_source=github,online,2011,5k+
236110,Dungeon Defenders II,https://store.steampowered.com/app/236110/,https://imho.run/games/236110/dungeon-defenders-ii?utm_source=github,online,2017,5k+
249050,Dungeon of the ENDLESS™,https://store.steampowered.com/app/249050/,https://imho.run/games/249050/dungeon-of-the-endless?utm_source=github,online,2014,5k+
206480,Dungeons & Dragons Online®,https://store.steampowered.com/app/206480/,https://imho.run/games/206480/dungeons-dragons-online?utm_source=github,online,2012,5k+
1324780,Easy Red 2,https://store.steampowered.com/app/1324780/,https://imho.run/games/1324780/easy-red-2?utm_source=github,online,2022,5k+
1836730,Echo Point Nova,https://store.steampowered.com/app/1836730/,https://imho.run/games/1836730/echo-point-nova?utm_source=github,online,2024,5k+
382310,Eco,https://store.steampowered.com/app/382310/,https://imho.run/games/382310/eco?utm_source=github,online,2018,5k+
237310,Elsword,https://store.steampowered.com/app/237310/,https://imho.run/games/237310/elsword?utm_source=github,online,2014,5k+
383120,Empyrion - Galactic Survival,https://store.steampowered.com/app/383120/,https://imho.run/games/383120/empyrion-galactic-survival?utm_source=github,online,2020,5k+
2051620,Enlisted,https://store.steampowered.com/app/2051620/,https://imho.run/games/2051620/enlisted?utm_source=github,online,2024,5k+
3932890,Escape from Tarkov,https://store.steampowered.com/app/3932890/,https://imho.run/games/3932890/escape-from-tarkov?utm_source=github,online,2025,5k+
1435790,Escape Simulator,https://store.steampowered.com/app/1435790/,https://imho.run/games/1435790/escape-simulator?utm_source=github,online,2021,5k+
3450310,Europa Universalis V,https://store.steampowered.com/app/3450310/,https://imho.run/games/3450310/europa-universalis-v?utm_source=github,online,2025,5k+
273350,Evolve Stage 2,https://store.steampowered.com/app/273350/,https://imho.run/games/273350/evolve-stage-2?utm_source=github,online,2015,5k+
1692250,F1® 22,https://store.steampowered.com/app/1692250/,https://imho.run/games/1692250/f1-22?utm_source=github,online,2022,5k+
2488620,F1® 24,https://store.steampowered.com/app/2488620/,https://imho.run/games/2488620/f1-24?utm_source=github,online,2024,5k+
3059520,F1® 25,https://store.steampowered.com/app/3059520/,https://imho.run/games/3059520/f1-25?utm_source=github,online,2025,5k+
2993780,FANTASY LIFE i: The Girl Who Steals Time,https://store.steampowered.com/app/2993780/,https://imho.run/games/2993780/fantasy-life-i-the-girl-who-steals-time?utm_source=github,online,2025,5k+
2369390,Far Cry® 6,https://store.steampowered.com/app/2369390/,https://imho.run/games/2369390/far-cry-6?utm_source=github,online,2023,5k+
939960,Far Cry® New Dawn,https://store.steampowered.com/app/939960/,https://imho.run/games/939960/far-cry-new-dawn?utm_source=github,online,2019,5k+
3672400,Farever,https://store.steampowered.com/app/3672400/,https://imho.run/games/3672400/farever?utm_source=github,online,2026,5k+
1928420,Farlight 84,https://store.steampowered.com/app/1928420/,https://imho.run/games/1928420/farlight-84?utm_source=github,online,2023,5k+
447020,Farming Simulator 17,https://store.steampowered.com/app/447020/,https://imho.run/games/447020/farming-simulator-17?utm_source=github,online,2016,5k+
2300320,Farming Simulator 25,https://store.steampowered.com/app/2300320/,https://imho.run/games/2300320/farming-simulator-25?utm_source=github,online,2024,5k+
4121170,Fears to Fathom® - Scratch Creek,https://store.steampowered.com/app/4121170/,https://imho.run/games/4121170/fears-to-fathom-scratch-creek?utm_source=github,online,2026,5k+
2352620,Fellowship,https://store.steampowered.com/app/2352620/,https://imho.run/games/2352620/fellowship?utm_source=github,online,2025,5k+
637650,FINAL FANTASY XV WINDOWS EDITION,https://store.steampowered.com/app/637650/,https://imho.run/games/637650/final-fantasy-xv-windows-edition?utm_source=github,online,2018,5k+
605740,"Flashing Lights - Police, Firefighting, Emergency Services (EMS) Simulator",https://store.steampowered.com/app/605740/,https://imho.run/games/605740/flashing-lights-police-firefighting-emergency-services-ems-simulator?utm_source=github,online,2023,5k+
3108510,FlyKnight,https://store.steampowered.com/app/3108510/,https://imho.run/games/3108510/flyknight?utm_source=github,online,2025,5k+
410900,Forts,https://store.steampowered.com/app/410900/,https://imho.run/games/410900/forts?utm_source=github,online,2017,5k+
339610,Freestyle 2: Street Basketball,https://store.steampowered.com/app/339610/,https://imho.run/games/339610/freestyle-2-street-basketball?utm_source=github,online,2015,5k+
1785150,Friends vs Friends,https://store.steampowered.com/app/1785150/,https://imho.run/games/1785150/friends-vs-friends?utm_source=github,online,2023,5k+
268650,From the Depths,https://store.steampowered.com/app/268650/,https://imho.run/games/268650/from-the-depths?utm_source=github,online,2020,5k+
226860,Galactic Civilizations III,https://store.steampowered.com/app/226860/,https://imho.run/games/226860/galactic-civilizations-iii?utm_source=github,online,2015,5k+
704270,Generation Zero®,https://store.steampowered.com/app/704270/,https://imho.run/games/704270/generation-zero?utm_source=github,online,2019,5k+
3478870,GeoGuessr Steam Edition,https://store.steampowered.com/app/3478870/,https://imho.run/games/3478870/geoguessr-steam-edition?utm_source=github,online,2025,5k+
1957780,Ghosts of Tabor,https://store.steampowered.com/app/1957780/,https://imho.run/games/1957780/ghosts-of-tabor?utm_source=github,online,2023,5k+
780290,Gloomhaven,https://store.steampowered.com/app/780290/,https://imho.run/games/780290/gloomhaven?utm_source=github,online,2021,5k+
1568590,Goose Goose Duck,https://store.steampowered.com/app/1568590/,https://imho.run/games/1568590/goose-goose-duck?utm_source=github,online,2021,5k+
2027330,GoreBox,https://store.steampowered.com/app/2027330/,https://imho.run/games/2027330/gorebox?utm_source=github,online,2023,5k+
1496790,Gotham Knights,https://store.steampowered.com/app/1496790/,https://imho.run/games/1496790/gotham-knights?utm_source=github,online,2022,5k+
881020,Granblue Fantasy: Relink,https://store.steampowered.com/app/881020/,https://imho.run/games/881020/granblue-fantasy-relink?utm_source=github,online,2024,5k+
985810,GrandChase,https://store.steampowered.com/app/985810/,https://imho.run/games/985810/grandchase?utm_source=github,online,2021,5k+
2661300,Grounded 2,https://store.steampowered.com/app/2661300/,https://imho.run/games/2661300/grounded-2?utm_source=github,online,2025,5k+
1284210,Guild Wars 2®,https://store.steampowered.com/app/1284210/,https://imho.run/games/1284210/guild-wars-2?utm_source=github,online,2022,5k+
1816670,GUNDAM EVOLUTION,https://store.steampowered.com/app/1816670/,https://imho.run/games/1816670/gundam-evolution?utm_source=github,online,2022,5k+
242720,GunZ 2: The Second Duel,https://store.steampowered.com/app/242720/,https://imho.run/games/242720/gunz-2-the-second-duel?utm_source=github,online,2014,5k+
3219630,Halloween: The Game,https://store.steampowered.com/app/3219630/,https://imho.run/games/3219630/halloween-the-game?utm_source=github,online,2026,5k+
459220,Halo Wars: Definitive Edition,https://store.steampowered.com/app/459220/,https://imho.run/games/459220/halo-wars-definitive-edition?utm_source=github,online,2017,5k+
2806050,Halo: Campaign Evolved,https://store.steampowered.com/app/2806050/,https://imho.run/games/2806050/halo-campaign-evolved?utm_source=github,online,2026,5k+
1796470,Haste,https://store.steampowered.com/app/1796470/,https://imho.run/games/1796470/haste?utm_source=github,online,2025,5k+
2495100,Hello Kitty Island Adventure,https://store.steampowered.com/app/2495100/,https://imho.run/games/2495100/hello-kitty-island-adventure?utm_source=github,online,2025,5k+
863550,HITMAN™ 2,https://store.steampowered.com/app/863550/,https://imho.run/games/863550/hitman-2?utm_source=github,online,2018,5k+
223100,Homefront®: The Revolution,https://store.steampowered.com/app/223100/,https://imho.run/games/223100/homefront-the-revolution?utm_source=github,online,2016,5k+
1190970,House Flipper 2,https://store.steampowered.com/app/1190970/,https://imho.run/games/1190970/house-flipper-2?utm_source=github,online,2023,5k+
307960,IL-2 Sturmovik: Battle of Stalingrad,https://store.steampowered.com/app/307960/,https://imho.run/games/307960/il-2-sturmovik-battle-of-stalingrad?utm_source=github,online,2014,5k+
2116120,Incursion Red River,https://store.steampowered.com/app/2116120/,https://imho.run/games/2116120/incursion-red-river?utm_source=github,online,2024,5k+
555570,Infestation: The New Z,https://store.steampowered.com/app/555570/,https://imho.run/games/555570/infestation-the-new-z?utm_source=github,online,2016,5k+
3164330,Infinity Nikki,https://store.steampowered.com/app/3164330/,https://imho.run/games/3164330/infinity-nikki?utm_source=github,online,2025,5k+
1987080,Inside the Backrooms,https://store.steampowered.com/app/1987080/,https://imho.run/games/1987080/inside-the-backrooms?utm_source=github,online,2022,5k+
826630,Iron Harvest,https://store.steampowered.com/app/826630/,https://imho.run/games/826630/iron-harvest?utm_source=github,online,2020,5k+
1084160,Jagged Alliance 3,https://store.steampowered.com/app/1084160/,https://imho.run/games/1084160/jagged-alliance-3?utm_source=github,online,2023,5k+
638230,Journey,https://store.steampowered.com/app/638230/,https://imho.run/games/638230/journey?utm_source=github,online,2020,5k+
1757300,Jump Space,https://store.steampowered.com/app/1757300/,https://imho.run/games/1757300/jump-space?utm_source=github,online,2025,5k+
1430190,Killing Floor 3,https://store.steampowered.com/app/1430190/,https://imho.run/games/1430190/killing-floor-3?utm_source=github,online,2025,5k+
1070710,Kind Words (lo fi chill beats to write to),https://store.steampowered.com/app/1070710/,https://imho.run/games/1070710/kind-words-lo-fi-chill-beats-to-write-to?utm_source=github,online,2019,5k+
1911390,Knightfall: A Daring Journey,https://store.steampowered.com/app/1911390/,https://imho.run/games/1911390/knightfall-a-daring-journey?utm_source=github,online,2022,5k+
1408720,Krunker,https://store.steampowered.com/app/1408720/,https://imho.run/games/1408720/krunker?utm_source=github,online,2021,5k+
844870,KurtzPel,https://store.steampowered.com/app/844870/,https://imho.run/games/844870/kurtzpel?utm_source=github,online,2019,5k+
1302240,Labyrinthine,https://store.steampowered.com/app/1302240/,https://imho.run/games/1302240/labyrinthine?utm_source=github,online,2023,5k+
1195460,Last Year,https://store.steampowered.com/app/1195460/,https://imho.run/games/1195460/last-year?utm_source=github,online,2019,5k+
500,Left 4 Dead,https://store.steampowered.com/app/500/,https://imho.run/games/500/left-4-dead?utm_source=github,online,2008,5k+
469600,Legion TD 2 - Multiplayer Tower Defense,https://store.steampowered.com/app/469600/,https://imho.run/games/469600/legion-td-2-multiplayer-tower-defense?utm_source=github,online,2021,5k+
332310,LEGO® Worlds,https://store.steampowered.com/app/332310/,https://imho.run/games/332310/lego-worlds?utm_source=github,online,2017,5k+
3097560,Liar's Bar,https://store.steampowered.com/app/3097560/,https://imho.run/games/3097560/liar-s-bar?utm_source=github,online,2024,5k+
2780980,LOCKDOWN Protocol,https://store.steampowered.com/app/2780980/,https://imho.run/games/2780980/lockdown-protocol?utm_source=github,online,2025,5k+
1501750,Lords of the Fallen,https://store.steampowered.com/app/1501750/,https://imho.run/games/1501750/lords-of-the-fallen?utm_source=github,online,2023,5k+
1571440,Lunch Lady,https://store.steampowered.com/app/1571440/,https://imho.run/games/1571440/lunch-lady?utm_source=github,online,2021,5k+
3716600,Mage Arena,https://store.steampowered.com/app/3716600/,https://imho.run/games/3716600/mage-arena?utm_source=github,online,2025,5k+
216150,MapleStory,https://store.steampowered.com/app/216150/,https://imho.run/games/216150/maplestory?utm_source=github,online,2012,5k+
1789480,Marauders,https://store.steampowered.com/app/1789480/,https://imho.run/games/1789480/marauders?utm_source=github,online,2022,5k+
997070,Marvel's Avengers - The Definitive Edition,https://store.steampowered.com/app/997070/,https://imho.run/games/997070/marvel-s-avengers-the-definitive-edition?utm_source=github,online,2020,5k+
1238000,Mass Effect™: Andromeda Deluxe Edition,https://store.steampowered.com/app/1238000/,https://imho.run/games/1238000/mass-effect-andromeda-deluxe-edition?utm_source=github,online,2020,5k+
2452280,Mecha BREAK,https://store.steampowered.com/app/2452280/,https://imho.run/games/2452280/mecha-break?utm_source=github,online,2025,5k+
669330,Mechabellum,https://store.steampowered.com/app/669330/,https://imho.run/games/669330/mechabellum?utm_source=github,online,2024,5k+
784080,MechWarrior 5: Mercenaries,https://store.steampowered.com/app/784080/,https://imho.run/games/784080/mechwarrior-5-mercenaries?utm_source=github,online,2021,5k+
1129580,Medieval Dynasty,https://store.steampowered.com/app/1129580/,https://imho.run/games/1129580/medieval-dynasty?utm_source=github,online,2021,5k+
244450,Men of War: Assault Squad 2,https://store.steampowered.com/app/244450/,https://imho.run/games/244450/men-of-war-assault-squad-2?utm_source=github,online,2014,5k+
1127400,Mindustry,https://store.steampowered.com/app/1127400/,https://imho.run/games/1127400/mindustry?utm_source=github,online,2019,5k+
2119830,MISERY,https://store.steampowered.com/app/2119830/,https://imho.run/games/2119830/misery?utm_source=github,online,2025,5k+
3282300,Mistfall Hunter,https://store.steampowered.com/app/3282300/,https://imho.run/games/3282300/mistfall-hunter?utm_source=github,online,2026,5k+
389570,Mitos.is: The Game,https://store.steampowered.com/app/389570/,https://imho.run/games/389570/mitos-is-the-game?utm_source=github,online,2015,5k+
39000,Moonbase Alpha,https://store.steampowered.com/app/39000/,https://imho.run/games/39000/moonbase-alpha?utm_source=github,online,2010,5k+
1369670,Motor Town: Behind The Wheel,https://store.steampowered.com/app/1369670/,https://imho.run/games/1369670/motor-town-behind-the-wheel?utm_source=github,online,2021,5k+
675010,MudRunner,https://store.steampowered.com/app/675010/,https://imho.run/games/675010/mudrunner?utm_source=github,online,2017,5k+
1818750,MultiVersus,https://store.steampowered.com/app/1818750/,https://imho.run/games/1818750/multiversus?utm_source=github,online,2022,5k+
1607250,MY HERO ULTRA RUMBLE,https://store.steampowered.com/app/1607250/,https://imho.run/games/1607250/my-hero-ultra-rumble?utm_source=github,online,2023,5k+
1084600,My Time at Sandrock,https://store.steampowered.com/app/1084600/,https://imho.run/games/1084600/my-time-at-sandrock?utm_source=github,online,2023,5k+
633230,NARUTO TO BORUTO: SHINOBI STRIKER,https://store.steampowered.com/app/633230/,https://imho.run/games/633230/naruto-to-boruto-shinobi-striker?utm_source=github,online,2023,5k+
311310,Naval Action,https://store.steampowered.com/app/311310/,https://imho.run/games/311310/naval-action?utm_source=github,online,2019,5k+
1169040,Necesse,https://store.steampowered.com/app/1169040/,https://imho.run/games/1169040/necesse?utm_source=github,online,2025,5k+
1262540,Need for Speed™,https://store.steampowered.com/app/1262540/,https://imho.run/games/1262540/need-for-speed?utm_source=github,online,2020,5k+
1262580,Need for Speed™ Payback,https://store.steampowered.com/app/1262580/,https://imho.run/games/1262580/need-for-speed-payback?utm_source=github,online,2020,5k+
109600,Neverwinter,https://store.steampowered.com/app/109600/,https://imho.run/games/109600/neverwinter?utm_source=github,online,2013,5k+
704450,Neverwinter Nights: Enhanced Edition,https://store.steampowered.com/app/704450/,https://imho.run/games/704450/neverwinter-nights-enhanced-edition?utm_source=github,online,2018,5k+
1928980,Nightingale,https://store.steampowered.com/app/1928980/,https://imho.run/games/1928980/nightingale?utm_source=github,online,2024,5k+
1325200,Nioh 2 – The Complete Edition,https://store.steampowered.com/app/1325200/,https://imho.run/games/1325200/nioh-2-the-complete-edition?utm_source=github,online,2021,5k+
485510,Nioh: Complete Edition,https://store.steampowered.com/app/485510/,https://imho.run/games/485510/nioh-complete-edition?utm_source=github,online,2017,5k+
292000,No More Room in Hell 2,https://store.steampowered.com/app/292000/,https://imho.run/games/292000/no-more-room-in-hell-2?utm_source=github,online,2024,5k+
2909110,Nuclear Nightmare,https://store.steampowered.com/app/2909110/,https://imho.run/games/2909110/nuclear-nightmare?utm_source=github,online,2024,5k+
2168680,Nuclear Option,https://store.steampowered.com/app/2168680/,https://imho.run/games/2168680/nuclear-option?utm_source=github,online,2023,5k+
1869590,Omega Strikers,https://store.steampowered.com/app/1869590/,https://imho.run/games/1869590/omega-strikers?utm_source=github,online,2023,5k+
1977530,One-armed cook,https://store.steampowered.com/app/1977530/,https://imho.run/games/1977530/one-armed-cook?utm_source=github,online,2022,5k+
496240,Onward,https://store.steampowered.com/app/496240/,https://imho.run/games/496240/onward?utm_source=github,online,2025,5k+
736590,Operation: Harsh Doorstop,https://store.steampowered.com/app/736590/,https://imho.run/games/736590/operation-harsh-doorstop?utm_source=github,online,2023,5k+
201790,Orcs Must Die! 2,https://store.steampowered.com/app/201790/,https://imho.run/games/201790/orcs-must-die-2?utm_source=github,online,2012,5k+
104900,ORION: Prelude,https://store.steampowered.com/app/104900/,https://imho.run/games/104900/orion-prelude?utm_source=github,online,2013,5k+
402710,Osiris: New Dawn,https://store.steampowered.com/app/402710/,https://imho.run/games/402710/osiris-new-dawn?utm_source=github,online,2023,5k+
967050,Pacify,https://store.steampowered.com/app/967050/,https://imho.run/games/967050/pacify?utm_source=github,online,2019,5k+
337320,Paint the Town Red,https://store.steampowered.com/app/337320/,https://imho.run/games/337320/paint-the-town-red?utm_source=github,online,2021,5k+
24240,PAYDAY™ The Heist,https://store.steampowered.com/app/24240/,https://imho.run/games/24240/payday-the-heist?utm_source=github,online,2011,5k+
1056640,Phantasy Star Online 2 New Genesis,https://store.steampowered.com/app/1056640/,https://imho.run/games/1056640/phantasy-star-online-2-new-genesis?utm_source=github,online,2020,5k+
915320,Pixel Strike 3D,https://store.steampowered.com/app/915320/,https://imho.run/games/915320/pixel-strike-3d?utm_source=github,online,2020,5k+
1999360,Placid Plastic Duck Simulator,https://store.steampowered.com/app/1999360/,https://imho.run/games/1999360/placid-plastic-duck-simulator?utm_source=github,online,2022,5k+
386070,Planetary Annihilation: TITANS,https://store.steampowered.com/app/386070/,https://imho.run/games/386070/planetary-annihilation-titans?utm_source=github,online,2015,5k+
997010,Police Simulator: Patrol Officers,https://store.steampowered.com/app/997010/,https://imho.run/games/997010/police-simulator-patrol-officers?utm_source=github,online,2022,5k+
1241100,POLYGON,https://store.steampowered.com/app/1241100/,https://imho.run/games/1241100/polygon?utm_source=github,online,2020,5k+
961200,Predecessor,https://store.steampowered.com/app/961200/,https://imho.run/games/961200/predecessor?utm_source=github,online,2024,5k+
9200,RAGE,https://store.steampowered.com/app/9200/,https://imho.run/games/9200/rage?utm_source=github,online,2011,5k+
1119730,"Ranch Simulator: Build, Hunt, Farm",https://store.steampowered.com/app/1119730/,https://imho.run/games/1119730/ranch-simulator-build-hunt-farm?utm_source=github,online,2023,5k+
2071280,Ravenswatch,https://store.steampowered.com/app/2071280/,https://imho.run/games/2071280/ravenswatch?utm_source=github,online,2024,5k+
344760,Reign Of Kings,https://store.steampowered.com/app/344760/,https://imho.run/games/344760/reign-of-kings?utm_source=github,online,2015,5k+
2138720,REMATCH,https://store.steampowered.com/app/2138720/,https://imho.run/games/2138720/rematch?utm_source=github,online,2025,5k+
2290180,Riders Republic,https://store.steampowered.com/app/2290180/,https://imho.run/games/2290180/riders-republic?utm_source=github,online,2023,5k+
39120,RIFT,https://store.steampowered.com/app/39120/,https://imho.run/games/39120/rift?utm_source=github,online,2011,5k+
287450,Rise of Nations: Extended Edition,https://store.steampowered.com/app/287450/,https://imho.run/games/287450/rise-of-nations-extended-edition?utm_source=github,online,2014,5k+
2104890,RoadCraft,https://store.steampowered.com/app/2104890/,https://imho.run/games/2104890/roadcraft?utm_source=github,online,2025,5k+
692890,Roboquest,https://store.steampowered.com/app/692890/,https://imho.run/games/692890/roboquest?utm_source=github,online,2023,5k+
872200,Rogue Company,https://store.steampowered.com/app/872200/,https://imho.run/games/872200/rogue-company?utm_source=github,online,2021,5k+
270150,RUNNING WITH RIFLES,https://store.steampowered.com/app/270150/,https://imho.run/games/270150/running-with-rifles?utm_source=github,online,2015,5k+
418340,RWBY: Grimm Eclipse,https://store.steampowered.com/app/418340/,https://imho.run/games/418340/rwby-grimm-eclipse?utm_source=github,online,2016,5k+
302510,Ryse: Son of Rome,https://store.steampowered.com/app/302510/,https://imho.run/games/302510/ryse-son-of-rome?utm_source=github,online,2014,5k+
55230,Saints Row: The Third,https://store.steampowered.com/app/55230/,https://imho.run/games/55230/saints-row-the-third?utm_source=github,online,2011,5k+
678800,SAS: Zombie Assault 4,https://store.steampowered.com/app/678800/,https://imho.run/games/678800/sas-zombie-assault-4?utm_source=github,online,2017,5k+
872670,SCP: 5K,https://store.steampowered.com/app/872670/,https://imho.run/games/872670/scp-5k?utm_source=github,online,2022,5k+
215280,Secret World Legends,https://store.steampowered.com/app/215280/,https://imho.run/games/215280/secret-world-legends?utm_source=github,online,2017,5k+
257420,Serious Sam 4,https://store.steampowered.com/app/257420/,https://imho.run/games/257420/serious-sam-4?utm_source=github,online,2020,5k+
324800,Shadow Warrior 2,https://store.steampowered.com/app/324800/,https://imho.run/games/324800/shadow-warrior-2?utm_source=github,online,2016,5k+
2444750,Shape of Dreams,https://store.steampowered.com/app/2444750/,https://imho.run/games/2444750/shape-of-dreams?utm_source=github,online,2025,5k+
1258080,Shop Titans,https://store.steampowered.com/app/1258080/,https://imho.run/games/1258080/shop-titans?utm_source=github,online,2020,5k+
604240,Shotgun Farmers,https://store.steampowered.com/app/604240/,https://imho.run/games/604240/shotgun-farmers?utm_source=github,online,2019,5k+
204880,Sins of a Solar Empire®: Rebellion,https://store.steampowered.com/app/204880/,https://imho.run/games/204880/sins-of-a-solar-empire-rebellion?utm_source=github,online,2012,5k+
1548850,Six Days in Fallujah,https://store.steampowered.com/app/1548850/,https://imho.run/games/1548850/six-days-in-fallujah?utm_source=github,online,2023,5k+
962730,Skater XL - The Ultimate Skateboarding Game,https://store.steampowered.com/app/962730/,https://imho.run/games/962730/skater-xl-the-ultimate-skateboarding-game?utm_source=github,online,2020,5k+
2325290,Sky: Children of the Light,https://store.steampowered.com/app/2325290/,https://imho.run/games/2325290/sky-children-of-the-light?utm_source=github,online,2024,5k+
1173370,Slapshot: Rebound,https://store.steampowered.com/app/1173370/,https://imho.run/games/1173370/slapshot-rebound?utm_source=github,online,2024,5k+
2437170,SMITE 2,https://store.steampowered.com/app/2437170/,https://imho.run/games/2437170/smite-2?utm_source=github,online,2024,5k+
238090,Sniper Elite 3,https://store.steampowered.com/app/238090/,https://imho.run/games/238090/sniper-elite-3?utm_source=github,online,2014,5k+
312660,Sniper Elite 4,https://store.steampowered.com/app/312660/,https://imho.run/games/312660/sniper-elite-4?utm_source=github,online,2017,5k+
1029690,Sniper Elite 5,https://store.steampowered.com/app/1029690/,https://imho.run/games/1029690/sniper-elite-5?utm_source=github,online,2022,5k+
1465360,SnowRunner,https://store.steampowered.com/app/1465360/,https://imho.run/games/1465360/snowrunner?utm_source=github,online,2021,5k+
362620,Software Inc.,https://store.steampowered.com/app/362620/,https://imho.run/games/362620/software-inc?utm_source=github,online,2015,5k+
1096530,Solasta: Crown of the Magister,https://store.steampowered.com/app/1096530/,https://imho.run/games/1096530/solasta-crown-of-the-magister?utm_source=github,online,2021,5k+
2646460,Soulmask,https://store.steampowered.com/app/2646460/,https://imho.run/games/2646460/soulmask?utm_source=github,online,2026,5k+
630100,SoulWorker - Anime Action MMO,https://store.steampowered.com/app/630100/,https://imho.run/games/630100/soulworker-anime-action-mmo?utm_source=github,online,2018,5k+
816090,Space Hulk: Deathwing Enhanced Edition,https://store.steampowered.com/app/816090/,https://imho.run/games/816090/space-hulk-deathwing-enhanced-edition?utm_source=github,online,2018,5k+
99900,Spiral Knights,https://store.steampowered.com/app/99900/,https://imho.run/games/99900/spiral-knights?utm_source=github,online,2011,5k+
2918300,SPLITGATE: Arena Reloaded,https://store.steampowered.com/app/2918300/,https://imho.run/games/2918300/splitgate-arena-reloaded?utm_source=github,online,2025,5k+
1818450,STALCRAFT: X,https://store.steampowered.com/app/1818450/,https://imho.run/games/1818450/stalcraft-x?utm_source=github,online,2022,5k+
212070,Star Conflict,https://store.steampowered.com/app/212070/,https://imho.run/games/212070/star-conflict?utm_source=github,online,2013,5k+
9900,Star Trek Online,https://store.steampowered.com/app/9900/,https://imho.run/games/9900/star-trek-online?utm_source=github,online,2012,5k+
1222730,STAR WARS™: Squadrons,https://store.steampowered.com/app/1222730/,https://imho.run/games/1222730/star-wars-squadrons?utm_source=github,online,2020,5k+
1631270,StarRupture,https://store.steampowered.com/app/1631270/,https://imho.run/games/1631270/starrupture?utm_source=github,online,2026,5k+
544550,Stationeers,https://store.steampowered.com/app/544550/,https://imho.run/games/544550/stationeers?utm_source=github,online,2017,5k+
2012510,Stormgate,https://store.steampowered.com/app/2012510/,https://imho.run/games/2012510/stormgate?utm_source=github,online,2025,5k+
1282270,Strinova,https://store.steampowered.com/app/1282270/,https://imho.run/games/1282270/strinova?utm_source=github,online,2024,5k+
418030,Subsistence,https://store.steampowered.com/app/418030/,https://imho.run/games/418030/subsistence?utm_source=github,online,2016,5k+
315210,Suicide Squad: Kill the Justice League,https://store.steampowered.com/app/315210/,https://imho.run/games/315210/suicide-squad-kill-the-justice-league?utm_source=github,online,2024,5k+
1432860,Sun Haven,https://store.steampowered.com/app/1432860/,https://imho.run/games/1432860/sun-haven?utm_source=github,online,2023,5k+
2080690,Sunkenland,https://store.steampowered.com/app/2080690/,https://imho.run/games/2080690/sunkenland?utm_source=github,online,2023,5k+
843380,Super Animal Royale,https://store.steampowered.com/app/843380/,https://imho.run/games/843380/super-animal-royale?utm_source=github,online,2021,5k+
4069520,Super Battle Golf,https://store.steampowered.com/app/4069520/,https://imho.run/games/4069520/super-battle-golf?utm_source=github,online,2026,5k+
1049410,Superliminal,https://store.steampowered.com/app/1049410/,https://imho.run/games/1049410/superliminal?utm_source=github,online,2020,5k+
355840,Survarium,https://store.steampowered.com/app/355840/,https://imho.run/games/355840/survarium?utm_source=github,online,2015,5k+
225840,Sven Co-op,https://store.steampowered.com/app/225840/,https://imho.run/games/225840/sven-co-op?utm_source=github,online,2016,5k+
528230,SYNTHETIK: Legion Rising,https://store.steampowered.com/app/528230/,https://imho.run/games/528230/synthetik-legion-rising?utm_source=github,online,2018,5k+
745920,Temtem,https://store.steampowered.com/app/745920/,https://imho.run/games/745920/temtem?utm_source=github,online,2022,5k+
285920,TerraTech,https://store.steampowered.com/app/285920/,https://imho.run/games/285920/terratech?utm_source=github,online,2018,5k+
2698940,The Crew Motorfest,https://store.steampowered.com/app/2698940/,https://imho.run/games/2698940/the-crew-motorfest?utm_source=github,online,2024,5k+
437220,The Culling,https://store.steampowered.com/app/437220/,https://imho.run/games/437220/the-culling?utm_source=github,online,2017,5k+
1372880,The Day Before,https://store.steampowered.com/app/1372880/,https://imho.run/games/1372880/the-day-before?utm_source=github,online,2023,5k+
2828860,The Forever Winter,https://store.steampowered.com/app/2828860/,https://imho.run/games/2828860/the-forever-winter?utm_source=github,online,2024,5k+
212500,The Lord of the Rings Online™,https://store.steampowered.com/app/212500/,https://imho.run/games/212500/the-lord-of-the-rings-online?utm_source=github,online,2012,5k+
2933130,The Lord of the Rings: Return to Moria™,https://store.steampowered.com/app/2933130/,https://imho.run/games/2933130/the-lord-of-the-rings-return-to-moria?utm_source=github,online,2024,5k+
780310,The Riftbreaker,https://store.steampowered.com/app/780310/,https://imho.run/games/780310/the-riftbreaker?utm_source=github,online,2021,5k+
253710,theHunter Classic,https://store.steampowered.com/app/253710/,https://imho.run/games/253710/thehunter-classic?utm_source=github,online,2014,5k+
1286680,Tiny Tina's Wonderlands,https://store.steampowered.com/app/1286680/,https://imho.run/games/1286680/tiny-tina-s-wonderlands?utm_source=github,online,2022,5k+
475150,Titan Quest Anniversary Edition,https://store.steampowered.com/app/475150/,https://imho.run/games/475150/titan-quest-anniversary-edition?utm_source=github,online,2016,5k+
1154030,Titan Quest II,https://store.steampowered.com/app/1154030/,https://imho.run/games/1154030/titan-quest-ii?utm_source=github,online,2025,5k+
2231380,Tom Clancy's Ghost Recon® Breakpoint,https://store.steampowered.com/app/2231380/,https://imho.run/games/2231380/tom-clancy-s-ghost-recon-breakpoint?utm_source=github,online,2023,5k+
235600,Tom Clancy’s Splinter Cell Blacklist,https://store.steampowered.com/app/235600/,https://imho.run/games/235600/tom-clancy-s-splinter-cell-blacklist?utm_source=github,online,2013,5k+
2221490,Tom Clancy’s The Division® 2,https://store.steampowered.com/app/2221490/,https://imho.run/games/2221490/tom-clancy-s-the-division-2?utm_source=github,online,2023,5k+
200710,Torchlight II,https://store.steampowered.com/app/200710/,https://imho.run/games/200710/torchlight-ii?utm_source=github,online,2012,5k+
1974050,Torchlight: Infinite,https://store.steampowered.com/app/1974050/,https://imho.run/games/1974050/torchlight-infinite?utm_source=github,online,2023,5k+
325610,Total War: ATTILA,https://store.steampowered.com/app/325610/,https://imho.run/games/325610/total-war-attila?utm_source=github,online,2015,5k+
10500,Total War: EMPIRE – Definitive Edition,https://store.steampowered.com/app/10500/,https://imho.run/games/10500/total-war-empire-definitive-edition?utm_source=github,online,2009,5k+
779340,Total War: THREE KINGDOMS,https://store.steampowered.com/app/779340/,https://imho.run/games/779340/total-war-three-kingdoms?utm_source=github,online,2019,5k+
364360,Total War: WARHAMMER,https://store.steampowered.com/app/364360/,https://imho.run/games/364360/total-war-warhammer?utm_source=github,online,2016,5k+
2064650,Tower of Fantasy,https://store.steampowered.com/app/2064650/,https://imho.run/games/2064650/tower-of-fantasy?utm_source=github,online,2022,5k+
394690,Tower Unite,https://store.steampowered.com/app/394690/,https://imho.run/games/394690/tower-unite?utm_source=github,online,2025,5k+
858820,Tribes of Midgard,https://store.steampowered.com/app/858820/,https://imho.run/games/858820/tribes-of-midgard?utm_source=github,online,2021,5k+
492720,Tropico 6,https://store.steampowered.com/app/492720/,https://imho.run/games/492720/tropico-6?utm_source=github,online,2019,5k+
408900,Unfortunate Spacemen,https://store.steampowered.com/app/408900/,https://imho.run/games/408900/unfortunate-spacemen?utm_source=github,online,2020,5k+
1857950,VEIN,https://store.steampowered.com/app/1857950/,https://imho.run/games/1857950/vein?utm_source=github,online,2025,5k+
212160,Vindictus,https://store.steampowered.com/app/212160/,https://imho.run/games/212160/vindictus?utm_source=github,online,2012,5k+
667970,VTOL VR,https://store.steampowered.com/app/667970/,https://imho.run/games/667970/vtol-vr?utm_source=github,online,2017,5k+
424030,War of Rights,https://store.steampowered.com/app/424030/,https://imho.run/games/424030/war-of-rights?utm_source=github,online,2018,5k+
251060,Wargame: Red Dragon,https://store.steampowered.com/app/251060/,https://imho.run/games/251060/wargame-red-dragon?utm_source=github,online,2014,5k+
3556750,"Warhammer 40,000: Dawn of War - Definitive Edition",https://store.steampowered.com/app/3556750/,https://imho.run/games/3556750/warhammer-40-000-dawn-of-war-definitive-edition?utm_source=github,online,2025,5k+
527430,"Warhammer 40,000: Inquisitor - Martyr",https://store.steampowered.com/app/527430/,https://imho.run/games/527430/warhammer-40-000-inquisitor-martyr?utm_source=github,online,2018,5k+
2186680,"Warhammer 40,000: Rogue Trader",https://store.steampowered.com/app/2186680/,https://imho.run/games/2186680/warhammer-40-000-rogue-trader?utm_source=github,online,2023,5k+
235540,Warhammer: End Times - Vermintide,https://store.steampowered.com/app/235540/,https://imho.run/games/235540/warhammer-end-times-vermintide?utm_source=github,online,2015,5k+
1611600,WARNO,https://store.steampowered.com/app/1611600/,https://imho.run/games/1611600/warno?utm_source=github,online,2024,5k+
1527950,Wartales,https://store.steampowered.com/app/1527950/,https://imho.run/games/1527950/wartales?utm_source=github,online,2023,5k+
719040,Wasteland 3,https://store.steampowered.com/app/719040/,https://imho.run/games/719040/wasteland-3?utm_source=github,online,2020,5k+
1171690,Wayfinder,https://store.steampowered.com/app/1171690/,https://imho.run/games/1171690/wayfinder?utm_source=github,online,2024,5k+
582500,We Were Here,https://store.steampowered.com/app/582500/,https://imho.run/games/582500/we-were-here?utm_source=github,online,2017,5k+
1341290,We Were Here Forever,https://store.steampowered.com/app/1341290/,https://imho.run/games/1341290/we-were-here-forever?utm_source=github,online,2022,5k+
763890,Wildermyth,https://store.steampowered.com/app/763890/,https://imho.run/games/763890/wildermyth?utm_source=github,online,2021,5k+
3041230,Windrose,https://store.steampowered.com/app/3041230/,https://imho.run/games/3041230/windrose?utm_source=github,online,2026,5k+
799960,Wizard101,https://store.steampowered.com/app/799960/,https://imho.run/games/799960/wizard101?utm_source=github,online,2018,5k+
1056960,Wolfenstein: Youngblood,https://store.steampowered.com/app/1056960/,https://imho.run/games/1056960/wolfenstein-youngblood?utm_source=github,online,2019,5k+
926990,WolfQuest: Anniversary Edition,https://store.steampowered.com/app/926990/,https://imho.run/games/926990/wolfquest-anniversary-edition?utm_source=github,online,2025,5k+
699130,World War Z,https://store.steampowered.com/app/699130/,https://imho.run/games/699130/world-war-z?utm_source=github,online,2021,5k+
270550,Yet Another Zombie Defense,https://store.steampowered.com/app/270550/,https://imho.run/games/270550/yet-another-zombie-defense?utm_source=github,online,2014,5k+
1359090,Zero Hour,https://store.steampowered.com/app/1359090/,https://imho.run/games/1359090/zero-hour?utm_source=github,online,2024,5k+
301640,Zombie Army Trilogy,https://store.steampowered.com/app/301640/,https://imho.run/games/301640/zombie-army-trilogy?utm_source=github,online,2015,5k+
1465860,*NEW* SCUFFED EPIC BHOP SIMULATOR 2023 (POG CHAMP),https://store.steampowered.com/app/1465860/,https://imho.run/games/1465860/new-scuffed-epic-bhop-simulator-2023-pog-champ?utm_source=github,online,2020,1k+
958520,33 Immortals,https://store.steampowered.com/app/958520/,https://imho.run/games/958520/33-immortals?utm_source=github,online,2026,1k+
1292630,3on3 FreeStyle: Rebound,https://store.steampowered.com/app/1292630/,https://imho.run/games/1292630/3on3-freestyle-rebound?utm_source=github,online,2020,1k+
427250,8-Bit Armies,https://store.steampowered.com/app/427250/,https://imho.run/games/427250/8-bit-armies?utm_source=github,online,2016,1k+
201271,A Total War Saga: FALL OF THE SAMURAI,https://store.steampowered.com/app/201271/,https://imho.run/games/201271/a-total-war-saga-fall-of-the-samurai?utm_source=github,online,2012,1k+
1099410,A Total War Saga: TROY,https://store.steampowered.com/app/1099410/,https://imho.run/games/1099410/a-total-war-saga-troy?utm_source=github,online,2021,1k+
1721110,Abyssus,https://store.steampowered.com/app/1721110/,https://imho.run/games/1721110/abyssus?utm_source=github,online,2025,1k+
228400,Ace Combat Assault Horizon - Enhanced Edition,https://store.steampowered.com/app/228400/,https://imho.run/games/228400/ace-combat-assault-horizon-enhanced-edition?utm_source=github,online,2013,1k+
318020,Act of Aggression - Reboot Edition,https://store.steampowered.com/app/318020/,https://imho.run/games/318020/act-of-aggression-reboot-edition?utm_source=github,online,2015,1k+
2887580,Active Matter,https://store.steampowered.com/app/2887580/,https://imho.run/games/2887580/active-matter?utm_source=github,online,2026,1k+
751630,After the Fall®,https://store.steampowered.com/app/751630/,https://imho.run/games/751630/after-the-fall?utm_source=github,online,2021,1k+
2695490,Age of Water,https://store.steampowered.com/app/2695490/,https://imho.run/games/2695490/age-of-water?utm_source=github,online,2025,1k+
876650,Aground,https://store.steampowered.com/app/876650/,https://imho.run/games/876650/aground?utm_source=github,online,2020,1k+
342560,Airships: Conquer the Skies,https://store.steampowered.com/app/342560/,https://imho.run/games/342560/airships-conquer-the-skies?utm_source=github,online,2018,1k+
3669570,Alchemy Factory,https://store.steampowered.com/app/3669570/,https://imho.run/games/3669570/alchemy-factory?utm_source=github,online,2026,1k+
2683150,Ale & Tale Tavern,https://store.steampowered.com/app/2683150/,https://imho.run/games/2683150/ale-tale-tavern?utm_source=github,online,2024,1k+
2870840,Ale & Tale Tavern: First Pints,https://store.steampowered.com/app/2870840/,https://imho.run/games/2870840/ale-tale-tavern-first-pints?utm_source=github,online,2024,1k+
49540,Aliens: Colonial Marines Collection,https://store.steampowered.com/app/49540/,https://imho.run/games/49540/aliens-colonial-marines-collection?utm_source=github,online,2012,1k+
3448650,Aliens: Fireteam Elite 2,https://store.steampowered.com/app/3448650/,https://imho.run/games/3448650/aliens-fireteam-elite-2?utm_source=github,online,2026,1k+
1660080,Aloft,https://store.steampowered.com/app/1660080/,https://imho.run/games/1660080/aloft?utm_source=github,online,2025,1k+
41300,Altitude,https://store.steampowered.com/app/41300/,https://imho.run/games/41300/altitude?utm_source=github,online,2009,1k+
3168600,Among Us 3D,https://store.steampowered.com/app/3168600/,https://imho.run/games/3168600/among-us-3d?utm_source=github,online,2025,1k+
1849900,Among Us 3D: VR,https://store.steampowered.com/app/1849900/,https://imho.run/games/1849900/among-us-3d-vr?utm_source=github,online,2022,1k+
620590,Ancestors Legacy,https://store.steampowered.com/app/620590/,https://imho.run/games/620590/ancestors-legacy?utm_source=github,online,2018,1k+
1125240,Ancient Dungeon,https://store.steampowered.com/app/1125240/,https://imho.run/games/1125240/ancient-dungeon?utm_source=github,online,2021,1k+
367270,Angels Fall First,https://store.steampowered.com/app/367270/,https://imho.run/games/367270/angels-fall-first?utm_source=github,online,2026,1k+
3274580,Anno 117: Pax Romana,https://store.steampowered.com/app/3274580/,https://imho.run/games/3274580/anno-117-pax-romana?utm_source=github,online,2025,1k+
1281630,Anno 1404 - History Edition,https://store.steampowered.com/app/1281630/,https://imho.run/games/1281630/anno-1404-history-edition?utm_source=github,online,2020,1k+
1390190,APICO,https://store.steampowered.com/app/1390190/,https://imho.run/games/1390190/apico?utm_source=github,online,2022,1k+
3904850,Approximately Up,https://store.steampowered.com/app/3904850/,https://imho.run/games/3904850/approximately-up?utm_source=github,online,2026,1k+
280160,Aragami,https://store.steampowered.com/app/280160/,https://imho.run/games/280160/aragami?utm_source=github,online,2016,1k+
1158370,Aragami 2,https://store.steampowered.com/app/1158370/,https://imho.run/games/1158370/aragami-2?utm_source=github,online,2021,1k+
207230,ArcheBlade™,https://store.steampowered.com/app/207230/,https://imho.run/games/207230/archeblade?utm_source=github,online,2014,1k+
325210,Arctico,https://store.steampowered.com/app/325210/,https://imho.run/games/325210/arctico?utm_source=github,online,2022,1k+
1686820,Arena of Kings,https://store.steampowered.com/app/1686820/,https://imho.run/games/1686820/arena-of-kings?utm_source=github,online,2021,1k+
1540210,Arizona Sunshine® 2,https://store.steampowered.com/app/1540210/,https://imho.run/games/1540210/arizona-sunshine-2?utm_source=github,online,2023,1k+
407530,ARK: The Survival Of The Fittest,https://store.steampowered.com/app/407530/,https://imho.run/games/407530/ark-the-survival-of-the-fittest?utm_source=github,online,2017,1k+
33900,Arma 2,https://store.steampowered.com/app/33900/,https://imho.run/games/33900/arma-2?utm_source=github,online,2009,1k+
443110,Armored Warfare,https://store.steampowered.com/app/443110/,https://imho.run/games/443110/armored-warfare?utm_source=github,online,2017,1k+
558100,Art of War: Red Tides,https://store.steampowered.com/app/558100/,https://imho.run/games/558100/art-of-war-red-tides?utm_source=github,online,2016,1k+
649950,Ashen,https://store.steampowered.com/app/649950/,https://imho.run/games/649950/ashen?utm_source=github,online,2019,1k+
507490,Ashes of the Singularity: Escalation,https://store.steampowered.com/app/507490/,https://imho.run/games/507490/ashes-of-the-singularity-escalation?utm_source=github,online,2016,1k+
2484250,ASTRA: Knights of Veda,https://store.steampowered.com/app/2484250/,https://imho.run/games/2484250/astra-knights-of-veda?utm_source=github,online,2024,1k+
1614550,Astro Colony,https://store.steampowered.com/app/1614550/,https://imho.run/games/1614550/astro-colony?utm_source=github,online,2026,1k+
1230530,Atlas Fallen: Reign Of Sand,https://store.steampowered.com/app/1230530/,https://imho.run/games/1230530/atlas-fallen-reign-of-sand?utm_source=github,online,2023,1k+
449800,Attack on Titan / A.O.T. Wings of Freedom,https://store.steampowered.com/app/449800/,https://imho.run/games/449800/attack-on-titan-a-o-t-wings-of-freedom?utm_source=github,online,2016,1k+
601050,Attack on Titan 2 - A.O.T.2,https://store.steampowered.com/app/601050/,https://imho.run/games/601050/attack-on-titan-2-a-o-t-2?utm_source=github,online,2023,1k+
3165680,Avakin Life,https://store.steampowered.com/app/3165680/,https://imho.run/games/3165680/avakin-life?utm_source=github,online,2026,1k+
2226280,BAPBAP,https://store.steampowered.com/app/2226280/,https://imho.run/games/2226280/bapbap?utm_source=github,online,2025,1k+
1025600,Battle Realms: Zen Edition,https://store.steampowered.com/app/1025600/,https://imho.run/games/1025600/battle-realms-zen-edition?utm_source=github,online,2025,1k+
394230,Battleborn,https://store.steampowered.com/app/394230/,https://imho.run/games/394230/battleborn?utm_source=github,online,2016,1k+
363680,Battlefleet Gothic: Armada (Classic),https://store.steampowered.com/app/363680/,https://imho.run/games/363680/battlefleet-gothic-armada-classic?utm_source=github,online,2016,1k+
544610,Battlestar Galactica Deadlock,https://store.steampowered.com/app/544610/,https://imho.run/games/544610/battlestar-galactica-deadlock?utm_source=github,online,2017,1k+
203750,Binary Domain,https://store.steampowered.com/app/203750/,https://imho.run/games/203750/binary-domain?utm_source=github,online,2012,1k+
4111370,Birdwatching Notebook,https://store.steampowered.com/app/4111370/,https://imho.run/games/4111370/birdwatching-notebook?utm_source=github,online,2026,1k+
666860,Bit Heroes Quest,https://store.steampowered.com/app/666860/,https://imho.run/games/666860/bit-heroes-quest?utm_source=github,online,2017,1k+
1158940,Blazing Sails,https://store.steampowered.com/app/1158940/,https://imho.run/games/1158940/blazing-sails?utm_source=github,online,2023,1k+
681660,Bless Online,https://store.steampowered.com/app/681660/,https://imho.run/games/681660/bless-online?utm_source=github,online,2018,1k+
567630,Blood of Steel,https://store.steampowered.com/app/567630/,https://imho.run/games/567630/blood-of-steel?utm_source=github,online,2020,1k+
3683770,Boba Cafe Simulator,https://store.steampowered.com/app/3683770/,https://imho.run/games/3683770/boba-cafe-simulator?utm_source=github,online,2026,1k+
1801110,BOKURA,https://store.steampowered.com/app/1801110/,https://imho.run/games/1801110/bokura?utm_source=github,online,2023,1k+
4656000,BOMBANANA!,https://store.steampowered.com/app/4656000/,https://imho.run/games/4656000/bombanana?utm_source=github,online,2026,1k+
1104450,Bombergrounds: Reborn,https://store.steampowered.com/app/1104450/,https://imho.run/games/1104450/bombergrounds-reborn?utm_source=github,online,2022,1k+
1715730,Boo Men,https://store.steampowered.com/app/1715730/,https://imho.run/games/1715730/boo-men?utm_source=github,online,2022,1k+
3467040,Bookshop Simulator,https://store.steampowered.com/app/3467040/,https://imho.run/games/3467040/bookshop-simulator?utm_source=github,online,2026,1k+
346120,Boring Man - Online Tactical Stickman Combat,https://store.steampowered.com/app/346120/,https://imho.run/games/346120/boring-man-online-tactical-stickman-combat?utm_source=github,online,2015,1k+
324510,Boundless,https://store.steampowered.com/app/324510/,https://imho.run/games/324510/boundless?utm_source=github,online,2018,1k+
346330,BrainBread 2,https://store.steampowered.com/app/346330/,https://imho.run/games/346330/brainbread-2?utm_source=github,online,2022,1k+
3191050,BRAZILIAN DRUG DEALER 3: I OPENED A PORTAL TO HELL IN THE FAVELA TRYING TO REVIVE MIT AIA I NEED TO CLOSE IT,https://store.steampowered.com/app/3191050/,https://imho.run/games/3191050/brazilian-drug-dealer-3-i-opened-a-portal-to-hell-in-the-favela-trying-to-revive?utm_source=github,online,2025,1k+
22350,BRINK,https://store.steampowered.com/app/22350/,https://imho.run/games/22350/brink?utm_source=github,online,2011,1k+
696370,BROKE PROTOCOL,https://store.steampowered.com/app/696370/,https://imho.run/games/696370/broke-protocol?utm_source=github,online,2024,1k+
2422870,Bronzebeard's Tavern,https://store.steampowered.com/app/2422870/,https://imho.run/games/2422870/bronzebeard-s-tavern?utm_source=github,online,2023,1k+
501590,Bulletstorm: Full Clip Edition,https://store.steampowered.com/app/501590/,https://imho.run/games/501590/bulletstorm-full-clip-edition?utm_source=github,online,2017,1k+
3844970,Burglin' Gnomes,https://store.steampowered.com/app/3844970/,https://imho.run/games/3844970/burglin-gnomes?utm_source=github,online,2026,1k+
1238080,Burnout™ Paradise Remastered,https://store.steampowered.com/app/1238080/,https://imho.run/games/1238080/burnout-paradise-remastered?utm_source=github,online,2020,1k+
515180,Bus Simulator 18,https://store.steampowered.com/app/515180/,https://imho.run/games/515180/bus-simulator-18?utm_source=github,online,2018,1k+
976590,Bus Simulator 21 Next Stop,https://store.steampowered.com/app/976590/,https://imho.run/games/976590/bus-simulator-21-next-stop?utm_source=github,online,2021,1k+
42710,Call of Duty®: Black Ops,https://store.steampowered.com/app/42710/,https://imho.run/games/42710/call-of-duty-black-ops?utm_source=github,online,2010,1k+
3606480,Call of Duty®: Black Ops 7,https://store.steampowered.com/app/3606480/,https://imho.run/games/3606480/call-of-duty-black-ops-7?utm_source=github,online,2025,1k+
202990,Call of Duty®: Black Ops II,https://store.steampowered.com/app/202990/,https://imho.run/games/202990/call-of-duty-black-ops-ii?utm_source=github,online,2012,1k+
10190,Call of Duty®: Modern Warfare® 2 (2009),https://store.steampowered.com/app/10190/,https://imho.run/games/10190/call-of-duty-modern-warfare-2-2009?utm_source=github,online,2009,1k+
1985820,Call of Duty®: Vanguard,https://store.steampowered.com/app/1985820/,https://imho.run/games/1985820/call-of-duty-vanguard?utm_source=github,online,2023,1k+
1408610,Call of the Wild: The Angler™,https://store.steampowered.com/app/1408610/,https://imho.run/games/1408610/call-of-the-wild-the-angler?utm_source=github,online,2022,1k+
3501070,Car Service Together,https://store.steampowered.com/app/3501070/,https://imho.run/games/3501070/car-service-together?utm_source=github,online,2026,1k+
293260,Card Hunter,https://store.steampowered.com/app/293260/,https://imho.run/games/293260/card-hunter?utm_source=github,online,2015,1k+
920690,CardLife: Creative Survival,https://store.steampowered.com/app/920690/,https://imho.run/games/920690/cardlife-creative-survival?utm_source=github,online,2019,1k+
1181550,Carnival Hunt,https://store.steampowered.com/app/1181550/,https://imho.run/games/1181550/carnival-hunt?utm_source=github,online,2026,1k+
1489630,Carrier Command 2,https://store.steampowered.com/app/1489630/,https://imho.run/games/1489630/carrier-command-2?utm_source=github,online,2021,1k+
227860,Castle Story,https://store.steampowered.com/app/227860/,https://imho.run/games/227860/castle-story?utm_source=github,online,2017,1k+
4380490,Cat Mail Co.,https://store.steampowered.com/app/4380490/,https://imho.run/games/4380490/cat-mail-co?utm_source=github,online,2026,1k+
2143030,Cave Crawlers,https://store.steampowered.com/app/2143030/,https://imho.run/games/2143030/cave-crawlers?utm_source=github,online,2023,1k+
979640,Cepheus Protocol,https://store.steampowered.com/app/979640/,https://imho.run/games/979640/cepheus-protocol?utm_source=github,online,2020,1k+
9880,Champions Online,https://store.steampowered.com/app/9880/,https://imho.run/games/9880/champions-online?utm_source=github,online,2011,1k+
1510460,Chicken Invaders Universe,https://store.steampowered.com/app/1510460/,https://imho.run/games/1510460/chicken-invaders-universe?utm_source=github,online,2022,1k+
661130,ChilloutVR,https://store.steampowered.com/app/661130/,https://imho.run/games/661130/chilloutvr?utm_source=github,online,2021,1k+
420930,CHKN,https://store.steampowered.com/app/420930/,https://imho.run/games/420930/chkn?utm_source=github,online,2016,1k+
2398450,Classic Marathon,https://store.steampowered.com/app/2398450/,https://imho.run/games/2398450/classic-marathon?utm_source=github,online,2024,1k+
215830,Closers,https://store.steampowered.com/app/215830/,https://imho.run/games/215830/closers?utm_source=github,online,2018,1k+
1591520,Clownfield 2042,https://store.steampowered.com/app/1591520/,https://imho.run/games/1591520/clownfield-2042?utm_source=github,online,2021,1k+
2810210,Codename CURE II,https://store.steampowered.com/app/2810210/,https://imho.run/games/2810210/codename-cure-ii?utm_source=github,online,2026,1k+
665360,Comedy Night,https://store.steampowered.com/app/665360/,https://imho.run/games/665360/comedy-night?utm_source=github,online,2017,1k+
6800,Commandos: Behind Enemy Lines,https://store.steampowered.com/app/6800/,https://imho.run/games/6800/commandos-behind-enemy-lines?utm_source=github,online,2007,1k+
4651220,Conqueror's Blade: Three Kingdoms,https://store.steampowered.com/app/4651220/,https://imho.run/games/4651220/conqueror-s-blade-three-kingdoms?utm_source=github,online,2026,1k+
1273400,Construction Simulator,https://store.steampowered.com/app/1273400/,https://imho.run/games/1273400/construction-simulator?utm_source=github,online,2022,1k+
289950,Construction Simulator 2015,https://store.steampowered.com/app/289950/,https://imho.run/games/289950/construction-simulator-2015?utm_source=github,online,2014,1k+
2698780,ContractVille,https://store.steampowered.com/app/2698780/,https://imho.run/games/2698780/contractville?utm_source=github,online,2025,1k+
333420,Cossacks 3,https://store.steampowered.com/app/333420/,https://imho.run/games/333420/cossacks-3?utm_source=github,online,2016,1k+
248390,Craft The World,https://store.steampowered.com/app/248390/,https://imho.run/games/248390/craft-the-world?utm_source=github,online,2014,1k+
280790,Creativerse,https://store.steampowered.com/app/280790/,https://imho.run/games/280790/creativerse?utm_source=github,online,2017,1k+
848480,Creeper World 4,https://store.steampowered.com/app/848480/,https://imho.run/games/848480/creeper-world-4?utm_source=github,online,2020,1k+
2933080,Crime Boss: Rockay City,https://store.steampowered.com/app/2933080/,https://imho.run/games/2933080/crime-boss-rockay-city?utm_source=github,online,2024,1k+
2737070,Crime Simulator,https://store.steampowered.com/app/2737070/,https://imho.run/games/2737070/crime-simulator?utm_source=github,online,2025,1k+
4317690,Crimson Moon,https://store.steampowered.com/app/4317690/,https://imho.run/games/4317690/crimson-moon?utm_source=github,online,2026,1k+
1692070,CROWZ,https://store.steampowered.com/app/1692070/,https://imho.run/games/1692070/crowz?utm_source=github,online,2022,1k+
829590,CryoFall,https://store.steampowered.com/app/829590/,https://imho.run/games/829590/cryofall?utm_source=github,online,2021,1k+
666220,CS2D,https://store.steampowered.com/app/666220/,https://imho.run/games/666220/cs2d?utm_source=github,online,2017,1k+
1128000,Cube World,https://store.steampowered.com/app/1128000/,https://imho.run/games/1128000/cube-world?utm_source=github,online,2019,1k+
3400000,Cubic Odyssey,https://store.steampowered.com/app/3400000/,https://imho.run/games/3400000/cubic-odyssey?utm_source=github,online,2025,1k+
1209040,Cyber Hunter,https://store.steampowered.com/app/1209040/,https://imho.run/games/1209040/cyber-hunter?utm_source=github,online,2020,1k+
1167450,DAEMON X MACHINA,https://store.steampowered.com/app/1167450/,https://imho.run/games/1167450/daemon-x-machina?utm_source=github,online,2020,1k+
2920570,Dale & Dawson Stationery Supplies,https://store.steampowered.com/app/2920570/,https://imho.run/games/2920570/dale-dawson-stationery-supplies?utm_source=github,online,2024,1k+
251170,Damned,https://store.steampowered.com/app/251170/,https://imho.run/games/251170/damned?utm_source=github,online,2014,1k+
1266690,Dark Deception: Monsters & Mortals,https://store.steampowered.com/app/1266690/,https://imho.run/games/1266690/dark-deception-monsters-mortals?utm_source=github,online,2020,1k+
2208570,Dark Hours,https://store.steampowered.com/app/2208570/,https://imho.run/games/2208570/dark-hours?utm_source=github,online,2025,1k+
3064370,Dark Hours: Prologue,https://store.steampowered.com/app/3064370/,https://imho.run/games/3064370/dark-hours-prologue?utm_source=github,online,2024,1k+
1548520,DARKEST DAYS,https://store.steampowered.com/app/1548520/,https://imho.run/games/1548520/darkest-days?utm_source=github,online,2025,1k+
331370,Dauntless,https://store.steampowered.com/app/331370/,https://imho.run/games/331370/dauntless?utm_source=github,online,2024,1k+
2059530,Dawn of Defiance,https://store.steampowered.com/app/2059530/,https://imho.run/games/2059530/dawn-of-defiance?utm_source=github,online,2024,1k+
2197910,Dawnlands,https://store.steampowered.com/app/2197910/,https://imho.run/games/2197910/dawnlands?utm_source=github,online,2023,1k+
1088090,Day of Dragons,https://store.steampowered.com/app/1088090/,https://imho.run/games/1088090/day-of-dragons?utm_source=github,online,2019,1k+
383180,Dead Island: Riptide Definitive Edition,https://store.steampowered.com/app/383180/,https://imho.run/games/383180/dead-island-riptide-definitive-edition?utm_source=github,online,2016,1k+
667890,Dead Maze,https://store.steampowered.com/app/667890/,https://imho.run/games/667890/dead-maze?utm_source=github,online,2018,1k+
45770,Dead Rising 2: Off the Record,https://store.steampowered.com/app/45770/,https://imho.run/games/45770/dead-rising-2-off-the-record?utm_source=github,online,2011,1k+
45740,Dead Rising® 2,https://store.steampowered.com/app/45740/,https://imho.run/games/45740/dead-rising-2?utm_source=github,online,2010,1k+
1238060,Dead Space™ 3,https://store.steampowered.com/app/1238060/,https://imho.run/games/1238060/dead-space-3?utm_source=github,online,2020,1k+
1621070,DeadPoly,https://store.steampowered.com/app/1621070/,https://imho.run/games/1621070/deadpoly?utm_source=github,online,2022,1k+
820520,Deceive Inc.,https://store.steampowered.com/app/820520/,https://imho.run/games/820520/deceive-inc?utm_source=github,online,2023,1k+
1453490,Deducto,https://store.steampowered.com/app/1453490/,https://imho.run/games/1453490/deducto?utm_source=github,online,2022,1k+
1520,DEFCON,https://store.steampowered.com/app/1520/,https://imho.run/games/1520/defcon?utm_source=github,online,2006,1k+
224600,Defiance,https://store.steampowered.com/app/224600/,https://imho.run/games/224600/defiance?utm_source=github,online,2014,1k+
1484280,Demeo,https://store.steampowered.com/app/1484280/,https://imho.run/games/1484280/demeo?utm_source=github,online,2021,1k+
671510,DESOLATE,https://store.steampowered.com/app/671510/,https://imho.run/games/671510/desolate?utm_source=github,online,2019,1k+
2536520,Diablo II: Resurrected – Infernal Edition,https://store.steampowered.com/app/2536520/,https://imho.run/games/2536520/diablo-ii-resurrected-infernal-edition?utm_source=github,online,2026,1k+
315460,Dig or Die,https://store.steampowered.com/app/315460/,https://imho.run/games/315460/dig-or-die?utm_source=github,online,2018,1k+
537180,Digimon Masters Online,https://store.steampowered.com/app/537180/,https://imho.run/games/537180/digimon-masters-online?utm_source=github,online,2016,1k+
2402680,Dimraeth,https://store.steampowered.com/app/2402680/,https://imho.run/games/2402680/dimraeth?utm_source=github,online,2026,1k+
401190,Dinosaur Hunt,https://store.steampowered.com/app/401190/,https://imho.run/games/401190/dinosaur-hunt?utm_source=github,online,2015,1k+
921590,DISSIDIA FINAL FANTASY NT Free Edition,https://store.steampowered.com/app/921590/,https://imho.run/games/921590/dissidia-final-fantasy-nt-free-edition?utm_source=github,online,2019,1k+
248610,Door Kickers,https://store.steampowered.com/app/248610/,https://imho.run/games/248610/door-kickers?utm_source=github,online,2014,1k+
1276760,DRAGON BALL: THE BREAKERS,https://store.steampowered.com/app/1276760/,https://imho.run/games/1276760/dragon-ball-the-breakers?utm_source=github,online,2022,1k+
11610,Dragon Nest,https://store.steampowered.com/app/11610/,https://imho.run/games/11610/dragon-nest?utm_source=github,online,2012,1k+
1072420,DRAGON QUEST BUILDERS™ 2,https://store.steampowered.com/app/1072420/,https://imho.run/games/1072420/dragon-quest-builders-2?utm_source=github,online,2019,1k+
2203070,Dragonheir: Silent Gods,https://store.steampowered.com/app/2203070/,https://imho.run/games/2203070/dragonheir-silent-gods?utm_source=github,online,2023,1k+
263500,Dragons and Titans,https://store.steampowered.com/app/263500/,https://imho.run/games/263500/dragons-and-titans?utm_source=github,online,2014,1k+
1418630,Dread Hunger,https://store.steampowered.com/app/1418630/,https://imho.run/games/1418630/dread-hunger?utm_source=github,online,2022,1k+
412880,Drift Streets Japan,https://store.steampowered.com/app/412880/,https://imho.run/games/412880/drift-streets-japan?utm_source=github,online,2015,1k+
1708850,Drug Dealer Simulator 2,https://store.steampowered.com/app/1708850/,https://imho.run/games/1708850/drug-dealer-simulator-2?utm_source=github,online,2024,1k+
2682580,DUCKSIDE,https://store.steampowered.com/app/2682580/,https://imho.run/games/2682580/duckside?utm_source=github,online,2024,1k+
434050,Duke Nukem 3D: 20th Anniversary World Tour,https://store.steampowered.com/app/434050/,https://imho.run/games/434050/duke-nukem-3d-20th-anniversary-world-tour?utm_source=github,online,2016,1k+
1892030,Dummynation,https://store.steampowered.com/app/1892030/,https://imho.run/games/1892030/dummynation?utm_source=github,online,2022,1k+
302270,Dungeon Defenders Eternity,https://store.steampowered.com/app/302270/,https://imho.run/games/302270/dungeon-defenders-eternity?utm_source=github,online,2014,1k+
2468730,Dungeon Stalkers,https://store.steampowered.com/app/2468730/,https://imho.run/games/2468730/dungeon-stalkers?utm_source=github,online,2025,1k+
623280,Dungeons & Dragons: Dark Alliance,https://store.steampowered.com/app/623280/,https://imho.run/games/623280/dungeons-dragons-dark-alliance?utm_source=github,online,2021,1k+
493900,Dungeons 3,https://store.steampowered.com/app/493900/,https://imho.run/games/493900/dungeons-3?utm_source=github,online,2017,1k+
1643310,Dungeons 4,https://store.steampowered.com/app/1643310/,https://imho.run/games/1643310/dungeons-4?utm_source=github,online,2023,1k+
91700,E.Y.E: Divine Cybermancy,https://store.steampowered.com/app/91700/,https://imho.run/games/91700/e-y-e-divine-cybermancy?utm_source=github,online,2011,1k+
2570210,Eden Crafters,https://store.steampowered.com/app/2570210/,https://imho.run/games/2570210/eden-crafters?utm_source=github,online,2024,1k+
238240,Edge of Space,https://store.steampowered.com/app/238240/,https://imho.run/games/238240/edge-of-space?utm_source=github,online,2015,1k+
2344320,Eldegarde,https://store.steampowered.com/app/2344320/,https://imho.run/games/2344320/eldegarde?utm_source=github,online,2026,1k+
298160,Eldevin,https://store.steampowered.com/app/298160/,https://imho.run/games/298160/eldevin?utm_source=github,online,2014,1k+
1018830,Element TD 2 - Tower Defense,https://store.steampowered.com/app/1018830/,https://imho.run/games/1018830/element-td-2-tower-defense?utm_source=github,online,2021,1k+
850170,EMERGENCY,https://store.steampowered.com/app/850170/,https://imho.run/games/850170/emergency?utm_source=github,online,2023,1k+
461430,EmergeNYC,https://store.steampowered.com/app/461430/,https://imho.run/games/461430/emergenyc?utm_source=github,online,2016,1k+
530630,Empires Apart,https://store.steampowered.com/app/530630/,https://imho.run/games/530630/empires-apart?utm_source=github,online,2018,1k+
1485590,ENDLESS™ Dungeon - Definitive Edition,https://store.steampowered.com/app/1485590/,https://imho.run/games/1485590/endless-dungeon-definitive-edition?utm_source=github,online,2023,1k+
999860,Enemy On Board,https://store.steampowered.com/app/999860/,https://imho.run/games/999860/enemy-on-board?utm_source=github,online,2020,1k+
1819570,Eraser,https://store.steampowered.com/app/1819570/,https://imho.run/games/1819570/eraser?utm_source=github,online,2021,1k+
1683860,Eronoctosis: Put Yourself Together,https://store.steampowered.com/app/1683860/,https://imho.run/games/1683860/eronoctosis-put-yourself-together?utm_source=github,online,2021,1k+
2098350,Escape Memoirs: Mini Stories,https://store.steampowered.com/app/2098350/,https://imho.run/games/2098350/escape-memoirs-mini-stories?utm_source=github,online,2022,1k+
1301720,Escape Room - Der kranke Kollege,https://store.steampowered.com/app/1301720/,https://imho.run/games/1301720/escape-room-der-kranke-kollege?utm_source=github,online,2020,1k+
2879840,Escape Simulator 2,https://store.steampowered.com/app/2879840/,https://imho.run/games/2879840/escape-simulator-2?utm_source=github,online,2025,1k+
2144600,Eterspire,https://store.steampowered.com/app/2144600/,https://imho.run/games/2144600/eterspire?utm_source=github,online,2026,1k+
1277920,ETHYRIAL,https://store.steampowered.com/app/1277920/,https://imho.run/games/1277920/ethyrial?utm_source=github,online,2023,1k+
2253100,Everwind,https://store.steampowered.com/app/2253100/,https://imho.run/games/2253100/everwind?utm_source=github,online,2026,1k+
1065310,Evil West,https://store.steampowered.com/app/1065310/,https://imho.run/games/1065310/evil-west?utm_source=github,online,2022,1k+
331500,Executive Assault,https://store.steampowered.com/app/331500/,https://imho.run/games/331500/executive-assault?utm_source=github,online,2015,1k+
510500,Executive Assault 2,https://store.steampowered.com/app/510500/,https://imho.run/games/510500/executive-assault-2?utm_source=github,online,2023,1k+
1286320,Exoprimal,https://store.steampowered.com/app/1286320/,https://imho.run/games/1286320/exoprimal?utm_source=github,online,2023,1k+
1552620,Expedition Agartha,https://store.steampowered.com/app/1552620/,https://imho.run/games/1552620/expedition-agartha?utm_source=github,online,2023,1k+
2477340,Expeditions: A MudRunner Game,https://store.steampowered.com/app/2477340/,https://imho.run/games/2477340/expeditions-a-mudrunner-game?utm_source=github,online,2024,1k+
21100,F.E.A.R. 3,https://store.steampowered.com/app/21100/,https://imho.run/games/21100/f-e-a-r-3?utm_source=github,online,2011,1k+
113420,Fallen Earth Classic,https://store.steampowered.com/app/113420/,https://imho.run/games/113420/fallen-earth-classic?utm_source=github,online,2012,1k+
313160,Farming Simulator 15,https://store.steampowered.com/app/313160/,https://imho.run/games/313160/farming-simulator-15?utm_source=github,online,2014,1k+
220260,Farming Simulator 2013 Titanium Edition,https://store.steampowered.com/app/220260/,https://imho.run/games/220260/farming-simulator-2013-titanium-edition?utm_source=github,online,2013,1k+
2916430,Fast Food Simulator,https://store.steampowered.com/app/2916430/,https://imho.run/games/2916430/fast-food-simulator?utm_source=github,online,2024,1k+
3099020,Fast Food Simulator: Prologue,https://store.steampowered.com/app/3099020/,https://imho.run/games/3099020/fast-food-simulator-prologue?utm_source=github,online,2024,1k+
2272540,FBC: Firebreak,https://store.steampowered.com/app/2272540/,https://imho.run/games/2272540/fbc-firebreak?utm_source=github,online,2025,1k+
1695840,Fear Therapy,https://store.steampowered.com/app/1695840/,https://imho.run/games/1695840/fear-therapy?utm_source=github,online,2021,1k+
538100,Feel The Snow,https://store.steampowered.com/app/538100/,https://imho.run/games/538100/feel-the-snow?utm_source=github,online,2019,1k+
2484110,FINAL FANTASY VII EVER CRISIS,https://store.steampowered.com/app/2484110/,https://imho.run/games/2484110/final-fantasy-vii-ever-crisis?utm_source=github,online,2023,1k+
420560,Firefighting Simulator - The Squad,https://store.steampowered.com/app/420560/,https://imho.run/games/420560/firefighting-simulator-the-squad?utm_source=github,online,2020,1k+
1079260,Fireworks Mania - An Explosive Simulator,https://store.steampowered.com/app/1079260/,https://imho.run/games/1079260/fireworks-mania-an-explosive-simulator?utm_source=github,online,2020,1k+
953880,First Class Trouble,https://store.steampowered.com/app/953880/,https://imho.run/games/953880/first-class-trouble?utm_source=github,online,2021,1k+
201510,FlatOut 3: Chaos & Destruction,https://store.steampowered.com/app/201510/,https://imho.run/games/201510/flatout-3-chaos-destruction?utm_source=github,online,2011,1k+
568570,Force of Nature,https://store.steampowered.com/app/568570/,https://imho.run/games/568570/force-of-nature?utm_source=github,online,2016,1k+
1641960,Forever Skies,https://store.steampowered.com/app/1641960/,https://imho.run/games/1641960/forever-skies?utm_source=github,online,2025,1k+
1562420,FOREWARNED,https://store.steampowered.com/app/1562420/,https://imho.run/games/1562420/forewarned?utm_source=github,online,2024,1k+
254200,FortressCraft Evolved!,https://store.steampowered.com/app/254200/,https://imho.run/games/254200/fortresscraft-evolved?utm_source=github,online,2015,1k+
983870,FOUNDRY,https://store.steampowered.com/app/983870/,https://imho.run/games/983870/foundry?utm_source=github,online,2024,1k+
2707940,FPV Kamikaze Drone,https://store.steampowered.com/app/2707940/,https://imho.run/games/2707940/fpv-kamikaze-drone?utm_source=github,online,2023,1k+
1134100,Frozenheim,https://store.steampowered.com/app/1134100/,https://imho.run/games/1134100/frozenheim?utm_source=github,online,2022,1k+
3712080,Funnel Runners,https://store.steampowered.com/app/3712080/,https://imho.run/games/3712080/funnel-runners?utm_source=github,online,2026,1k+
1331440,FUSER™,https://store.steampowered.com/app/1331440/,https://imho.run/games/1331440/fuser?utm_source=github,online,2020,1k+
1357210,Galactic Civilizations IV,https://store.steampowered.com/app/1357210/,https://imho.run/games/1357210/galactic-civilizations-iv?utm_source=github,online,2023,1k+
2749770,Galaxy Burger,https://store.steampowered.com/app/2749770/,https://imho.run/games/2749770/galaxy-burger?utm_source=github,online,2024,1k+
1927780,Galaxy Life,https://store.steampowered.com/app/1927780/,https://imho.run/games/1927780/galaxy-life?utm_source=github,online,2022,1k+
3892270,Gamble With Your Friends,https://store.steampowered.com/app/3892270/,https://imho.run/games/3892270/gamble-with-your-friends?utm_source=github,online,2026,1k+
3183280,Game of Thrones: Kingsroad,https://store.steampowered.com/app/3183280/,https://imho.run/games/3183280/game-of-thrones-kingsroad?utm_source=github,online,2025,1k+
840010,Garden Paws,https://store.steampowered.com/app/840010/,https://imho.run/games/840010/garden-paws?utm_source=github,online,2018,1k+
243800,Gas Guzzlers Extreme,https://store.steampowered.com/app/243800/,https://imho.run/games/243800/gas-guzzlers-extreme?utm_source=github,online,2013,1k+
2106670,Gatekeeper,https://store.steampowered.com/app/2106670/,https://imho.run/games/2106670/gatekeeper?utm_source=github,online,2025,1k+
2391710,Gatekeeper: Infinity,https://store.steampowered.com/app/2391710/,https://imho.run/games/2391710/gatekeeper-infinity?utm_source=github,online,2023,1k+
2019620,GERONIMO,https://store.steampowered.com/app/2019620/,https://imho.run/games/2019620/geronimo?utm_source=github,online,2026,1k+
1807080,Ghost Exile,https://store.steampowered.com/app/1807080/,https://imho.run/games/1807080/ghost-exile?utm_source=github,online,2022,1k+
1618540,Ghost Exorcism INC.,https://store.steampowered.com/app/1618540/,https://imho.run/games/1618540/ghost-exorcism-inc?utm_source=github,online,2021,1k+
1850740,Ghost Watchers,https://store.steampowered.com/app/1850740/,https://imho.run/games/1850740/ghost-watchers?utm_source=github,online,2025,1k+
327070,Gloria Victis: Medieval MMORPG,https://store.steampowered.com/app/327070/,https://imho.run/games/327070/gloria-victis-medieval-mmorpg?utm_source=github,online,2023,1k+
438490,GOD EATER 2 Rage Burst,https://store.steampowered.com/app/438490/,https://imho.run/games/438490/god-eater-2-rage-burst?utm_source=github,online,2016,1k+
899440,GOD EATER 3,https://store.steampowered.com/app/899440/,https://imho.run/games/899440/god-eater-3?utm_source=github,online,2019,1k+
3645890,GONE Fishing,https://store.steampowered.com/app/3645890/,https://imho.run/games/3645890/gone-fishing?utm_source=github,online,2025,1k+
4450620,GRAIN ROT,https://store.steampowered.com/app/4450620/,https://imho.run/games/4450620/grain-rot?utm_source=github,online,2026,1k+
332500,GRAV,https://store.steampowered.com/app/332500/,https://imho.run/games/332500/grav?utm_source=github,online,2015,1k+
2336720,Greed of Man,https://store.steampowered.com/app/2336720/,https://imho.run/games/2336720/greed-of-man?utm_source=github,online,2023,1k+
369990,"Gremlins, Inc.",https://store.steampowered.com/app/369990/,https://imho.run/games/369990/gremlins-inc?utm_source=github,online,2016,1k+
605230,Grey Hack,https://store.steampowered.com/app/605230/,https://imho.run/games/605230/grey-hack?utm_source=github,online,2017,1k+
708720,Gridiron,https://store.steampowered.com/app/708720/,https://imho.run/games/708720/gridiron?utm_source=github,online,2020,1k+
2961880,Grocery Store Simulator,https://store.steampowered.com/app/2961880/,https://imho.run/games/2961880/grocery-store-simulator?utm_source=github,online,2024,1k+
866020,Growtopia,https://store.steampowered.com/app/866020/,https://imho.run/games/866020/growtopia?utm_source=github,online,2024,1k+
29720,Guild Wars® Reforged,https://store.steampowered.com/app/29720/,https://imho.run/games/29720/guild-wars-reforged?utm_source=github,online,2025,1k+
1672500,GUNDAM BREAKER 4,https://store.steampowered.com/app/1672500/,https://imho.run/games/1672500/gundam-breaker-4?utm_source=github,online,2024,1k+
3139440,GunZ: The Duel,https://store.steampowered.com/app/3139440/,https://imho.run/games/3139440/gunz-the-duel?utm_source=github,online,2026,1k+
755800,Hades' Star,https://store.steampowered.com/app/755800/,https://imho.run/games/755800/hades-star?utm_source=github,online,2019,1k+
434730,Half Dead,https://store.steampowered.com/app/434730/,https://imho.run/games/434730/half-dead?utm_source=github,online,2016,1k+
760650,Hammerting,https://store.steampowered.com/app/760650/,https://imho.run/games/760650/hammerting?utm_source=github,online,2021,1k+
1538970,Hammerwatch II,https://store.steampowered.com/app/1538970/,https://imho.run/games/1538970/hammerwatch-ii?utm_source=github,online,2023,1k+
924140,Hand Simulator: Survival,https://store.steampowered.com/app/924140/,https://imho.run/games/924140/hand-simulator-survival?utm_source=github,online,2019,1k+
2878600,Harry Potter: Quidditch Champions,https://store.steampowered.com/app/2878600/,https://imho.run/games/2878600/harry-potter-quidditch-champions?utm_source=github,online,2024,1k+
705040,HAWKEN REBORN,https://store.steampowered.com/app/705040/,https://imho.run/games/705040/hawken-reborn?utm_source=github,online,2023,1k+
25890,Hearts of Iron III,https://store.steampowered.com/app/25890/,https://imho.run/games/25890/hearts-of-iron-iii?utm_source=github,online,2009,1k+
2180600,Heartwood Online,https://store.steampowered.com/app/2180600/,https://imho.run/games/2180600/heartwood-online?utm_source=github,online,2023,1k+
656240,Heat,https://store.steampowered.com/app/656240/,https://imho.run/games/656240/heat?utm_source=github,online,2020,1k+
433530,Heliborne Collection,https://store.steampowered.com/app/433530/,https://imho.run/games/433530/heliborne-collection?utm_source=github,online,2017,1k+
1201540,HELLCARD,https://store.steampowered.com/app/1201540/,https://imho.run/games/1201540/hellcard?utm_source=github,online,2024,1k+
588210,HELLION,https://store.steampowered.com/app/588210/,https://imho.run/games/588210/hellion?utm_source=github,online,2019,1k+
677120,Heroes of Hammerwatch,https://store.steampowered.com/app/677120/,https://imho.run/games/677120/heroes-of-hammerwatch?utm_source=github,online,2018,1k+
619820,Heroes of Hammerwatch II,https://store.steampowered.com/app/619820/,https://imho.run/games/619820/heroes-of-hammerwatch-ii?utm_source=github,online,2025,1k+
632300,Hobo: Tough Life,https://store.steampowered.com/app/632300/,https://imho.run/games/632300/hobo-tough-life?utm_source=github,online,2021,1k+
4282500,hololive Dreams,https://store.steampowered.com/app/4282500/,https://imho.run/games/4282500/hololive-dreams?utm_source=github,online,2026,1k+
1056600,Home Sweet Home : Survive,https://store.steampowered.com/app/1056600/,https://imho.run/games/1056600/home-sweet-home-survive?utm_source=github,online,2021,1k+
1840080,Homeworld 3,https://store.steampowered.com/app/1840080/,https://imho.run/games/1840080/homeworld-3?utm_source=github,online,2024,1k+
1671200,Honkai Impact 3rd,https://store.steampowered.com/app/1671200/,https://imho.run/games/1671200/honkai-impact-3rd?utm_source=github,online,2021,1k+
927350,Hood: Outlaws & Legends,https://store.steampowered.com/app/927350/,https://imho.run/games/927350/hood-outlaws-legends?utm_source=github,online,2021,1k+
280180,Hover,https://store.steampowered.com/app/280180/,https://imho.run/games/280180/hover?utm_source=github,online,2017,1k+
1766060,HumanitZ,https://store.steampowered.com/app/1766060/,https://imho.run/games/1766060/humanitz?utm_source=github,online,2026,1k+
393420,Hurtworld,https://store.steampowered.com/app/393420/,https://imho.run/games/393420/hurtworld?utm_source=github,online,2019,1k+
1534840,Hyper Light Breaker,https://store.steampowered.com/app/1534840/,https://imho.run/games/1534840/hyper-light-breaker?utm_source=github,online,2025,1k+
1178220,ICBM,https://store.steampowered.com/app/1178220/,https://imho.run/games/1178220/icbm?utm_source=github,online,2020,1k+
321800,Icewind Dale: Enhanced Edition,https://store.steampowered.com/app/321800/,https://imho.run/games/321800/icewind-dale-enhanced-edition?utm_source=github,online,2014,1k+
2103530,Idle Clans,https://store.steampowered.com/app/2103530/,https://imho.run/games/2103530/idle-clans?utm_source=github,online,2023,1k+
1361000,In Silence,https://store.steampowered.com/app/1361000/,https://imho.run/games/1361000/in-silence?utm_source=github,online,2021,1k+
2289970,In Sink: A Co-Op Escape Prologue,https://store.steampowered.com/app/2289970/,https://imho.run/games/2289970/in-sink-a-co-op-escape-prologue?utm_source=github,online,2023,1k+
1062810,Inkbound,https://store.steampowered.com/app/1062810/,https://imho.run/games/1062810/inkbound?utm_source=github,online,2024,1k+
236370,Interstellar Marines,https://store.steampowered.com/app/236370/,https://imho.run/games/236370/interstellar-marines?utm_source=github,online,2013,1k+
1222300,Into The Flames,https://store.steampowered.com/app/1222300/,https://imho.run/games/1222300/into-the-flames?utm_source=github,online,2023,1k+
2307350,Into the Radius 2,https://store.steampowered.com/app/2307350/,https://imho.run/games/2307350/into-the-radius-2?utm_source=github,online,2026,1k+
513510,Intralism,https://store.steampowered.com/app/513510/,https://imho.run/games/513510/intralism?utm_source=github,online,2016,1k+
449140,Istrolid,https://store.steampowered.com/app/449140/,https://imho.run/games/449140/istrolid?utm_source=github,online,2016,1k+
587220,Jet Island,https://store.steampowered.com/app/587220/,https://imho.run/games/587220/jet-island?utm_source=github,online,2018,1k+
1653970,Jigsaw Puzzle Dreams,https://store.steampowered.com/app/1653970/,https://imho.run/games/1653970/jigsaw-puzzle-dreams?utm_source=github,online,2021,1k+
2157830,John Carpenter's Toxic Commando,https://store.steampowered.com/app/2157830/,https://imho.run/games/2157830/john-carpenter-s-toxic-commando?utm_source=github,online,2026,1k+
973810,Journey To The Savage Planet,https://store.steampowered.com/app/973810/,https://imho.run/games/973810/journey-to-the-savage-planet?utm_source=github,online,2021,1k+
1877020,Jujutsu Kaisen Cursed Clash,https://store.steampowered.com/app/1877020/,https://imho.run/games/1877020/jujutsu-kaisen-cursed-clash?utm_source=github,online,2024,1k+
2317640,JUMP KING QUEST,https://store.steampowered.com/app/2317640/,https://imho.run/games/2317640/jump-king-quest?utm_source=github,online,2026,1k+
28000,Kane & Lynch 2: Dog Days,https://store.steampowered.com/app/28000/,https://imho.run/games/28000/kane-lynch-2-dog-days?utm_source=github,online,2010,1k+
2073470,Kanjozoku Game レーサー Online Street Racing & Drift,https://store.steampowered.com/app/2073470/,https://imho.run/games/2073470/kanjozoku-game-online-street-racing-drift?utm_source=github,online,2022,1k+
1001270,Kebab Chefs! - Restaurant Simulator,https://store.steampowered.com/app/1001270/,https://imho.run/games/1001270/kebab-chefs-restaurant-simulator?utm_source=github,online,2024,1k+
3585800,Keep Digging,https://store.steampowered.com/app/3585800/,https://imho.run/games/3585800/keep-digging?utm_source=github,online,2025,1k+
747200,Keplerth,https://store.steampowered.com/app/747200/,https://imho.run/games/747200/keplerth?utm_source=github,online,2022,1k+
1556100,Killer Klowns From Outer Space: The Game,https://store.steampowered.com/app/1556100/,https://imho.run/games/1556100/killer-klowns-from-outer-space-the-game?utm_source=github,online,2024,1k+
910490,Killsquad,https://store.steampowered.com/app/910490/,https://imho.run/games/910490/killsquad?utm_source=github,online,2021,1k+
219830,King Arthur's Gold,https://store.steampowered.com/app/219830/,https://imho.run/games/219830/king-arthur-s-gold?utm_source=github,online,2013,1k+
1273710,King of Crabs,https://store.steampowered.com/app/1273710/,https://imho.run/games/1273710/king-of-crabs?utm_source=github,online,2023,1k+
1132210,Kingdom Under Fire 2,https://store.steampowered.com/app/1132210/,https://imho.run/games/1132210/kingdom-under-fire-2?utm_source=github,online,2019,1k+
227180,Kingdom Wars,https://store.steampowered.com/app/227180/,https://imho.run/games/227180/kingdom-wars?utm_source=github,online,2013,1k+
1307890,Kingdoms Reborn,https://store.steampowered.com/app/1307890/,https://imho.run/games/1307890/kingdoms-reborn?utm_source=github,online,2020,1k+
1699480,KLETKA,https://store.steampowered.com/app/1699480/,https://imho.run/games/1699480/kletka?utm_source=github,online,2026,1k+
736820,Knights of Honor II: Sovereign,https://store.steampowered.com/app/736820/,https://imho.run/games/736820/knights-of-honor-ii-sovereign?utm_source=github,online,2022,1k+
513000,KUBOOM,https://store.steampowered.com/app/513000/,https://imho.run/games/513000/kuboom?utm_source=github,online,2016,1k+
2318480,Last Train Outta' Wormtown,https://store.steampowered.com/app/2318480/,https://imho.run/games/2318480/last-train-outta-wormtown?utm_source=github,online,2025,1k+
1465070,Legendary Tales,https://store.steampowered.com/app/1465070/,https://imho.run/games/1465070/legendary-tales?utm_source=github,online,2024,1k+
1335830,Len's Island,https://store.steampowered.com/app/1335830/,https://imho.run/games/1335830/len-s-island?utm_source=github,online,2025,1k+
1456940,Level Zero: Extraction,https://store.steampowered.com/app/1456940/,https://imho.run/games/1456940/level-zero-extraction?utm_source=github,online,2025,1k+
290080,Life is Feudal: Your Own,https://store.steampowered.com/app/290080/,https://imho.run/games/290080/life-is-feudal-your-own?utm_source=github,online,2015,1k+
1677110,Lightyear Frontier,https://store.steampowered.com/app/1677110/,https://imho.run/games/1677110/lightyear-frontier?utm_source=github,online,2024,1k+
436520,Line of Sight,https://store.steampowered.com/app/436520/,https://imho.run/games/436520/line-of-sight?utm_source=github,online,2017,1k+
1812370,Little Goody Two Shoes,https://store.steampowered.com/app/1812370/,https://imho.run/games/1812370/little-goody-two-shoes?utm_source=github,online,2023,1k+
1392860,Little Nightmares III,https://store.steampowered.com/app/1392860/,https://imho.run/games/1392860/little-nightmares-iii?utm_source=github,online,2025,1k+
1635450,Longvinter,https://store.steampowered.com/app/1635450/,https://imho.run/games/1635450/longvinter?utm_source=github,online,2025,1k+
32800,Lord of the Rings: War in the North,https://store.steampowered.com/app/32800/,https://imho.run/games/32800/lord-of-the-rings-war-in-the-north?utm_source=github,online,2011,1k+
2956680,LORT,https://store.steampowered.com/app/2956680/,https://imho.run/games/2956680/lort?utm_source=github,online,2026,1k+
45750,Lost Planet® 2,https://store.steampowered.com/app/45750/,https://imho.run/games/45750/lost-planet-2?utm_source=github,online,2010,1k+
1931180,Lost Skies,https://store.steampowered.com/app/1931180/,https://imho.run/games/1931180/lost-skies?utm_source=github,online,2025,1k+
2408820,Luma Island,https://store.steampowered.com/app/2408820/,https://imho.run/games/2408820/luma-island?utm_source=github,online,2024,1k+
956680,M.A.S.S. Builder,https://store.steampowered.com/app/956680/,https://imho.run/games/956680/m-a-s-s-builder?utm_source=github,online,2025,1k+
212200,Mabinogi,https://store.steampowered.com/app/212200/,https://imho.run/games/212200/mabinogi?utm_source=github,online,2012,1k+
764050,Maelstrom,https://store.steampowered.com/app/764050/,https://imho.run/games/764050/maelstrom?utm_source=github,online,2019,1k+
1532200,Mars First Logistics,https://store.steampowered.com/app/1532200/,https://imho.run/games/1532200/mars-first-logistics?utm_source=github,online,2025,1k+
1238020,Mass Effect™ 3 N7 Digital Deluxe Edition (2012),https://store.steampowered.com/app/1238020/,https://imho.run/games/1238020/mass-effect-3-n7-digital-deluxe-edition-2012?utm_source=github,online,2020,1k+
486310,Meadow - A Shelter Game,https://store.steampowered.com/app/486310/,https://imho.run/games/486310/meadow-a-shelter-game?utm_source=github,online,2016,1k+
2000890,MechWarrior 5: Clans,https://store.steampowered.com/app/2000890/,https://imho.run/games/2000890/mechwarrior-5-clans?utm_source=github,online,2024,1k+
333950,Medieval Engineers,https://store.steampowered.com/app/333950/,https://imho.run/games/333950/medieval-engineers?utm_source=github,online,2015,1k+
499660,Medieval Kingdom Wars,https://store.steampowered.com/app/499660/,https://imho.run/games/499660/medieval-kingdom-wars?utm_source=github,online,2019,1k+
1194810,Meet Your Maker,https://store.steampowered.com/app/1194810/,https://imho.run/games/1194810/meet-your-maker?utm_source=github,online,2023,1k+
2440380,Megaloot,https://store.steampowered.com/app/2440380/,https://imho.run/games/2440380/megaloot?utm_source=github,online,2024,1k+
1128860,Men of War II,https://store.steampowered.com/app/1128860/,https://imho.run/games/1128860/men-of-war-ii?utm_source=github,online,2024,1k+
2507980,Meta Ghost: Breaking Show,https://store.steampowered.com/app/2507980/,https://imho.run/games/2507980/meta-ghost-breaking-show?utm_source=github,online,2026,1k+
2492660,METAL GEAR SOLID: Peace Walker - Master Collection Version,https://store.steampowered.com/app/2492660/,https://imho.run/games/2492660/metal-gear-solid-peace-walker-master-collection-version?utm_source=github,online,2026,1k+
543900,METAL GEAR SURVIVE,https://store.steampowered.com/app/543900/,https://imho.run/games/543900/metal-gear-survive?utm_source=github,online,2018,1k+
1426440,MICROVOLTS: Recharged,https://store.steampowered.com/app/1426440/,https://imho.run/games/1426440/microvolts-recharged?utm_source=github,online,2023,1k+
314710,Mighty No. 9,https://store.steampowered.com/app/314710/,https://imho.run/games/314710/mighty-no-9?utm_source=github,online,2016,1k+
1012110,Military Conflict: Vietnam,https://store.steampowered.com/app/1012110/,https://imho.run/games/1012110/military-conflict-vietnam?utm_source=github,online,2022,1k+
2827200,MIMESIS,https://store.steampowered.com/app/2827200/,https://imho.run/games/2827200/mimesis?utm_source=github,online,2025,1k+
1928870,Minecraft Legends,https://store.steampowered.com/app/1928870/,https://imho.run/games/1928870/minecraft-legends?utm_source=github,online,2023,1k+
1603180,Mining Mechs,https://store.steampowered.com/app/1603180/,https://imho.run/games/1603180/mining-mechs?utm_source=github,online,2023,1k+
1623660,MIR4,https://store.steampowered.com/app/1623660/,https://imho.run/games/1623660/mir4?utm_source=github,online,2021,1k+
1277400,Monster Hunter Stories 2: Wings of Ruin,https://store.steampowered.com/app/1277400/,https://imho.run/games/1277400/monster-hunter-stories-2-wings-of-ruin?utm_source=github,online,2021,1k+
2963880,Murky Divers,https://store.steampowered.com/app/2963880/,https://imho.run/games/2963880/murky-divers?utm_source=github,online,2024,1k+
3247750,Mycopunk,https://store.steampowered.com/app/3247750/,https://imho.run/games/3247750/mycopunk?utm_source=github,online,2025,1k+
1371580,Myth of Empires,https://store.steampowered.com/app/1371580/,https://imho.run/games/1371580/myth-of-empires?utm_source=github,online,2024,1k+
887570,NEBULOUS: Fleet Command,https://store.steampowered.com/app/887570/,https://imho.run/games/887570/nebulous-fleet-command?utm_source=github,online,2022,1k+
566440,Necromunda: Underhive Wars,https://store.steampowered.com/app/566440/,https://imho.run/games/566440/necromunda-underhive-wars?utm_source=github,online,2020,1k+
384490,NECROPOLIS: BRUTAL EDITION,https://store.steampowered.com/app/384490/,https://imho.run/games/384490/necropolis-brutal-edition?utm_source=github,online,2016,1k+
1262600,Need for Speed™ Rivals,https://store.steampowered.com/app/1262600/,https://imho.run/games/1262600/need-for-speed-rivals?utm_source=github,online,2020,1k+
711810,Never Split the Party,https://store.steampowered.com/app/711810/,https://imho.run/games/711810/never-split-the-party?utm_source=github,online,2019,1k+
1104640,New Frontier,https://store.steampowered.com/app/1104640/,https://imho.run/games/1104640/new-frontier?utm_source=github,online,2019,1k+
1377380,Night of the Dead,https://store.steampowered.com/app/1377380/,https://imho.run/games/1377380/night-of-the-dead?utm_source=github,online,2024,1k+
1051690,Nightmare Reaper,https://store.steampowered.com/app/1051690/,https://imho.run/games/1051690/nightmare-reaper?utm_source=github,online,2022,1k+
1134710,NIMBY Rails,https://store.steampowered.com/app/1134710/,https://imho.run/games/1134710/nimby-rails?utm_source=github,online,2021,1k+
1275350,Ninja Kiwi Archive,https://store.steampowered.com/app/1275350/,https://imho.run/games/1275350/ninja-kiwi-archive?utm_source=github,online,2020,1k+
3681010,Nioh 3,https://store.steampowered.com/app/3681010/,https://imho.run/games/3681010/nioh-3?utm_source=github,online,2026,1k+
1963370,No One Survived,https://store.steampowered.com/app/1963370/,https://imho.run/games/1963370/no-one-survived?utm_source=github,online,2025,1k+
378370,Nomad,https://store.steampowered.com/app/378370/,https://imho.run/games/378370/nomad?utm_source=github,online,2015,1k+
4508340,NTE: Neverness to Everness,https://store.steampowered.com/app/4508340/,https://imho.run/games/4508340/nte-neverness-to-everness?utm_source=github,online,2026,1k+
758690,Occupy Mars: The Game,https://store.steampowered.com/app/758690/,https://imho.run/games/758690/occupy-mars-the-game?utm_source=github,online,2026,1k+
2811830,Ocean World: Eden Crafters Prologue,https://store.steampowered.com/app/2811830/,https://imho.run/games/2811830/ocean-world-eden-crafters-prologue?utm_source=github,online,2024,1k+
1817800,Oddsparks: An Automation Adventure,https://store.steampowered.com/app/1817800/,https://imho.run/games/1817800/oddsparks-an-automation-adventure?utm_source=github,online,2025,1k+
302590,Of Guards And Thieves,https://store.steampowered.com/app/302590/,https://imho.run/games/302590/of-guards-and-thieves?utm_source=github,online,2014,1k+
3659280,Off The Grid,https://store.steampowered.com/app/3659280/,https://imho.run/games/3659280/off-the-grid?utm_source=github,online,2025,1k+
271240,Offworld Trading Company,https://store.steampowered.com/app/271240/,https://imho.run/games/271240/offworld-trading-company?utm_source=github,online,2016,1k+
2708450,Oh Deer,https://store.steampowered.com/app/2708450/,https://imho.run/games/2708450/oh-deer?utm_source=github,online,2024,1k+
2918150,ONE PIECE Bounty Rush,https://store.steampowered.com/app/2918150/,https://imho.run/games/2918150/one-piece-bounty-rush?utm_source=github,online,2024,1k+
1335790,Operation: Tango,https://store.steampowered.com/app/1335790/,https://imho.run/games/1335790/operation-tango?utm_source=github,online,2021,1k+
1913370,OPERATOR,https://store.steampowered.com/app/1913370/,https://imho.run/games/1913370/operator?utm_source=github,online,2023,1k+
1522820,Orcs Must Die! 3,https://store.steampowered.com/app/1522820/,https://imho.run/games/1522820/orcs-must-die-3?utm_source=github,online,2021,1k+
2273980,Orcs Must Die! Deathtrap,https://store.steampowered.com/app/2273980/,https://imho.run/games/2273980/orcs-must-die-deathtrap?utm_source=github,online,2025,1k+
2009350,Out of Ore,https://store.steampowered.com/app/2009350/,https://imho.run/games/2009350/out-of-ore?utm_source=github,online,2022,1k+
327090,Out of Reach,https://store.steampowered.com/app/327090/,https://imho.run/games/327090/out-of-reach?utm_source=github,online,2018,1k+
2681030,Outbound,https://store.steampowered.com/app/2681030/,https://imho.run/games/2681030/outbound?utm_source=github,online,2026,1k+
1107320,OUTBRK,https://store.steampowered.com/app/1107320/,https://imho.run/games/1107320/outbrk?utm_source=github,online,2024,1k+
1566690,Outpost: Infinity Siege,https://store.steampowered.com/app/1566690/,https://imho.run/games/1566690/outpost-infinity-siege?utm_source=github,online,2024,1k+
2778610,Over The Top: WWI,https://store.steampowered.com/app/2778610/,https://imho.run/games/2778610/over-the-top-wwi?utm_source=github,online,2026,1k+
2695940,PANICORE,https://store.steampowered.com/app/2695940/,https://imho.run/games/2695940/panicore?utm_source=github,online,2024,1k+
3107230,Pantheon: Rise of the Fallen,https://store.steampowered.com/app/3107230/,https://imho.run/games/3107230/pantheon-rise-of-the-fallen?utm_source=github,online,2024,1k+
240320,Panzar,https://store.steampowered.com/app/240320/,https://imho.run/games/240320/panzar?utm_source=github,online,2013,1k+
1531430,Paragon: The Overprime,https://store.steampowered.com/app/1531430/,https://imho.run/games/1531430/paragon-the-overprime?utm_source=github,online,2022,1k+
453090,Parkitect,https://store.steampowered.com/app/453090/,https://imho.run/games/453090/parkitect?utm_source=github,online,2018,1k+
3561220,Pass the Fear,https://store.steampowered.com/app/3561220/,https://imho.run/games/3561220/pass-the-fear?utm_source=github,online,2026,1k+
1995520,Pax Dei,https://store.steampowered.com/app/1995520/,https://imho.run/games/1995520/pax-dei?utm_source=github,online,2025,1k+
803050,Per Aspera,https://store.steampowered.com/app/803050/,https://imho.run/games/803050/per-aspera?utm_source=github,online,2020,1k+
1521580,Perfect Heist 2,https://store.steampowered.com/app/1521580/,https://imho.run/games/1521580/perfect-heist-2?utm_source=github,online,2021,1k+
2385530,PGA TOUR 2K25,https://store.steampowered.com/app/2385530/,https://imho.run/games/2385530/pga-tour-2k25?utm_source=github,online,2025,1k+
2965660,PILGRIM,https://store.steampowered.com/app/2965660/,https://imho.run/games/2965660/pilgrim?utm_source=github,online,2024,1k+
2155180,Pioneers of Pagonia,https://store.steampowered.com/app/2155180/,https://imho.run/games/2155180/pioneers-of-pagonia?utm_source=github,online,2025,1k+
3105890,PIONER,https://store.steampowered.com/app/3105890/,https://imho.run/games/3105890/pioner?utm_source=github,online,2025,1k+
593600,PixARK,https://store.steampowered.com/app/593600/,https://imho.run/games/593600/pixark?utm_source=github,online,2019,1k+
378760,Pixel Starships,https://store.steampowered.com/app/378760/,https://imho.run/games/378760/pixel-starships?utm_source=github,online,2023,1k+
636040,Pixel Worlds: MMO Sandbox,https://store.steampowered.com/app/636040/,https://imho.run/games/636040/pixel-worlds-mmo-sandbox?utm_source=github,online,2017,1k+
688130,Pogostuck: Rage With Your Friends,https://store.steampowered.com/app/688130/,https://imho.run/games/688130/pogostuck-rage-with-your-friends?utm_source=github,online,2019,1k+
461870,Police Simulator: Patrol Duty,https://store.steampowered.com/app/461870/,https://imho.run/games/461870/police-simulator-patrol-duty?utm_source=github,online,2019,1k+
401680,POSTAL Redux,https://store.steampowered.com/app/401680/,https://imho.run/games/401680/postal-redux?utm_source=github,online,2016,1k+
887830,Pretend,https://store.steampowered.com/app/887830/,https://imho.run/games/887830/pretend?utm_source=github,online,2021,1k+
321360,Primal Carnage: Extinction,https://store.steampowered.com/app/321360/,https://imho.run/games/321360/primal-carnage-extinction?utm_source=github,online,2015,1k+
964800,Prodeus,https://store.steampowered.com/app/964800/,https://imho.run/games/964800/prodeus?utm_source=github,online,2022,1k+
1713350,Project Castaway,https://store.steampowered.com/app/1713350/,https://imho.run/games/1713350/project-castaway?utm_source=github,online,2026,1k+
774861,Project Winter,https://store.steampowered.com/app/774861/,https://imho.run/games/774861/project-winter?utm_source=github,online,2019,1k+
1131720,PROP AND SEEK®,https://store.steampowered.com/app/1131720/,https://imho.run/games/1131720/prop-and-seek?utm_source=github,online,2022,1k+
1549180,Propnight,https://store.steampowered.com/app/1549180/,https://imho.run/games/1549180/propnight?utm_source=github,online,2021,1k+
3143710,PUBG: BLINDSPOT,https://store.steampowered.com/app/3143710/,https://imho.run/games/3143710/pubg-blindspot?utm_source=github,online,2026,1k+
252870,PULSAR: Lost Colony,https://store.steampowered.com/app/252870/,https://imho.run/games/252870/pulsar-lost-colony?utm_source=github,online,2021,1k+
1757610,Puppet Master: The Game,https://store.steampowered.com/app/1757610/,https://imho.run/games/1757610/puppet-master-the-game?utm_source=github,online,2024,1k+
99910,Puzzle Pirates,https://store.steampowered.com/app/99910/,https://imho.run/games/99910/puzzle-pirates?utm_source=github,online,2011,1k+
1478220,Puzzle Together Multiplayer Jigsaw Puzzles,https://store.steampowered.com/app/1478220/,https://imho.run/games/1478220/puzzle-together-multiplayer-jigsaw-puzzles?utm_source=github,online,2020,1k+
3730790,Q-UP,https://store.steampowered.com/app/3730790/,https://imho.run/games/3730790/q-up?utm_source=github,online,2025,1k+
414740,RAID: World War II,https://store.steampowered.com/app/414740/,https://imho.run/games/414740/raid-world-war-ii?utm_source=github,online,2017,1k+
1124180,Rail Route,https://store.steampowered.com/app/1124180/,https://imho.run/games/1124180/rail-route?utm_source=github,online,2024,1k+
1683150,Railroader,https://store.steampowered.com/app/1683150/,https://imho.run/games/1683150/railroader?utm_source=github,online,2023,1k+
1696810,Railroads Online,https://store.steampowered.com/app/1696810/,https://imho.run/games/1696810/railroads-online?utm_source=github,online,2024,1k+
1644320,Railway Empire 2,https://store.steampowered.com/app/1644320/,https://imho.run/games/1644320/railway-empire-2?utm_source=github,online,2023,1k+
436320,Raw Data,https://store.steampowered.com/app/436320/,https://imho.run/games/436320/raw-data?utm_source=github,online,2017,1k+
1088790,Rebel Inc: Escalation,https://store.steampowered.com/app/1088790/,https://imho.run/games/1088790/rebel-inc-escalation?utm_source=github,online,2021,1k+
55110,Red Faction®: Armageddon™,https://store.steampowered.com/app/55110/,https://imho.run/games/55110/red-faction-armageddon?utm_source=github,online,2011,1k+
768520,Red Solstice 2: Survivors,https://store.steampowered.com/app/768520/,https://imho.run/games/768520/red-solstice-2-survivors?utm_source=github,online,2021,1k+
1294810,Redfall,https://store.steampowered.com/app/1294810/,https://imho.run/games/1294810/redfall?utm_source=github,online,2023,1k+
222480,Resident Evil Revelations,https://store.steampowered.com/app/222480/,https://imho.run/games/222480/resident-evil-revelations?utm_source=github,online,2013,1k+
209100,Resident Evil: Operation Raccoon City,https://store.steampowered.com/app/209100/,https://imho.run/games/209100/resident-evil-operation-raccoon-city?utm_source=github,online,2012,1k+
2519830,Resonite,https://store.steampowered.com/app/2519830/,https://imho.run/games/2519830/resonite?utm_source=github,online,2023,1k+
1557990,Retail Royale,https://store.steampowered.com/app/1557990/,https://imho.run/games/1557990/retail-royale?utm_source=github,online,2023,1k+
1649240,Returnal™,https://store.steampowered.com/app/1649240/,https://imho.run/games/1649240/returnal?utm_source=github,online,2023,1k+
365960,rFactor 2,https://store.steampowered.com/app/365960/,https://imho.run/games/365960/rfactor-2?utm_source=github,online,2015,1k+
244050,Rise of Flight United,https://store.steampowered.com/app/244050/,https://imho.run/games/244050/rise-of-flight-united?utm_source=github,online,2013,1k+
1340990,Rise of the Ronin,https://store.steampowered.com/app/1340990/,https://imho.run/games/1340990/rise-of-the-ronin?utm_source=github,online,2025,1k+
324080,Rising World,https://store.steampowered.com/app/324080/,https://imho.run/games/324080/rising-world?utm_source=github,online,2014,1k+
3643170,Roadside Research,https://store.steampowered.com/app/3643170/,https://imho.run/games/3643170/roadside-research?utm_source=github,online,2026,1k+
2056560,Rock Life: The Rock Simulator,https://store.steampowered.com/app/2056560/,https://imho.run/games/2056560/rock-life-the-rock-simulator?utm_source=github,online,2022,1k+
364420,Roguelands,https://store.steampowered.com/app/364420/,https://imho.run/games/364420/roguelands?utm_source=github,online,2016,1k+
754150,Rolling Line,https://store.steampowered.com/app/754150/,https://imho.run/games/754150/rolling-line?utm_source=github,online,2018,1k+
349700,Romero's Aftermath,https://store.steampowered.com/app/349700/,https://imho.run/games/349700/romero-s-aftermath?utm_source=github,online,2015,1k+
1805320,Romestead,https://store.steampowered.com/app/1805320/,https://imho.run/games/1805320/romestead?utm_source=github,online,2026,1k+
1245560,Roots of Pacha,https://store.steampowered.com/app/1245560/,https://imho.run/games/1245560/roots-of-pacha?utm_source=github,online,2023,1k+
1094710,Royal Crown,https://store.steampowered.com/app/1094710/,https://imho.run/games/1094710/royal-crown?utm_source=github,online,2021,1k+
372800,RPG MO,https://store.steampowered.com/app/372800/,https://imho.run/games/372800/rpg-mo?utm_source=github,online,2015,1k+
1376070,Rushdown Revolt,https://store.steampowered.com/app/1376070/,https://imho.run/games/1376070/rushdown-revolt?utm_source=github,online,2020,1k+
1184160,RUSSIAPHOBIA,https://store.steampowered.com/app/1184160/,https://imho.run/games/1184160/russiaphobia?utm_source=github,online,2020,1k+
647960,Rusted Warfare - RTS,https://store.steampowered.com/app/647960/,https://imho.run/games/647960/rusted-warfare-rts?utm_source=github,online,2017,1k+
590830,s&box,https://store.steampowered.com/app/590830/,https://imho.run/games/590830/s-box?utm_source=github,online,2026,1k+
742420,Saints Row,https://store.steampowered.com/app/742420/,https://imho.run/games/742420/saints-row?utm_source=github,online,2023,1k+
301910,Saints Row: Gat out of Hell,https://store.steampowered.com/app/301910/,https://imho.run/games/301910/saints-row-gat-out-of-hell?utm_source=github,online,2015,1k+
978300,Saints Row®: The Third™ Remastered,https://store.steampowered.com/app/978300/,https://imho.run/games/978300/saints-row-the-third-remastered?utm_source=github,online,2021,1k+
555880,Sairento VR,https://store.steampowered.com/app/555880/,https://imho.run/games/555880/sairento-vr?utm_source=github,online,2018,1k+
1419850,Saleblazers,https://store.steampowered.com/app/1419850/,https://imho.run/games/1419850/saleblazers?utm_source=github,online,2023,1k+
327860,Salt,https://store.steampowered.com/app/327860/,https://imho.run/games/327860/salt?utm_source=github,online,2018,1k+
1574900,Salt 2: Shores of Gold,https://store.steampowered.com/app/1574900/,https://imho.run/games/1574900/salt-2-shores-of-gold?utm_source=github,online,2025,1k+
91600,Sanctum,https://store.steampowered.com/app/91600/,https://imho.run/games/91600/sanctum?utm_source=github,online,2011,1k+
210770,Sanctum 2,https://store.steampowered.com/app/210770/,https://imho.run/games/210770/sanctum-2?utm_source=github,online,2013,1k+
1060230,Sapiens,https://store.steampowered.com/app/1060230/,https://imho.run/games/1060230/sapiens?utm_source=github,online,2022,1k+
268870,Satellite Reign,https://store.steampowered.com/app/268870/,https://imho.run/games/268870/satellite-reign?utm_source=github,online,2015,1k+
307880,Savage Lands,https://store.steampowered.com/app/307880/,https://imho.run/games/307880/savage-lands?utm_source=github,online,2021,1k+
1183940,Scavengers,https://store.steampowered.com/app/1183940/,https://imho.run/games/1183940/scavengers?utm_source=github,online,2021,1k+
3257000,SCP: Containment Breach 2,https://store.steampowered.com/app/3257000/,https://imho.run/games/3257000/scp-containment-breach-2?utm_source=github,online,2025,1k+
824550,SD GUNDAM BATTLE ALLIANCE,https://store.steampowered.com/app/824550/,https://imho.run/games/824550/sd-gundam-battle-alliance?utm_source=github,online,2022,1k+
1024380,Second Extinction™,https://store.steampowered.com/app/1024380/,https://imho.run/games/1024380/second-extinction?utm_source=github,online,2020,1k+
859570,Secret Neighbor: Hello Neighbor Multiplayer,https://store.steampowered.com/app/859570/,https://imho.run/games/859570/secret-neighbor-hello-neighbor-multiplayer?utm_source=github,online,2019,1k+
269770,Secrets of Grindea,https://store.steampowered.com/app/269770/,https://imho.run/games/269770/secrets-of-grindea?utm_source=github,online,2024,1k+
1702010,Sengoku Dynasty,https://store.steampowered.com/app/1702010/,https://imho.run/games/1702010/sengoku-dynasty?utm_source=github,online,2024,1k+
204340,Serious Sam II,https://store.steampowered.com/app/204340/,https://imho.run/games/204340/serious-sam-ii?utm_source=github,online,2012,1k+
1792250,Serious Sam: Siberian Mayhem,https://store.steampowered.com/app/1792250/,https://imho.run/games/1792250/serious-sam-siberian-mayhem?utm_source=github,online,2022,1k+
3722330,Shift At Midnight,https://store.steampowered.com/app/3722330/,https://imho.run/games/3722330/shift-at-midnight?utm_source=github,online,2026,1k+
2201940,Ship Graveyard Simulator 2,https://store.steampowered.com/app/2201940/,https://imho.run/games/2201940/ship-graveyard-simulator-2?utm_source=github,online,2023,1k+
1266540,Ships At Sea,https://store.steampowered.com/app/1266540/,https://imho.run/games/1266540/ships-at-sea?utm_source=github,online,2024,1k+
506140,Shop Heroes,https://store.steampowered.com/app/506140/,https://imho.run/games/506140/shop-heroes?utm_source=github,online,2016,1k+
1874170,Shredders,https://store.steampowered.com/app/1874170/,https://imho.run/games/1874170/shredders?utm_source=github,online,2022,1k+
326160,Shroud of the Avatar: Forsaken Virtues,https://store.steampowered.com/app/326160/,https://imho.run/games/326160/shroud-of-the-avatar-forsaken-virtues?utm_source=github,online,2018,1k+
48110,Silent Hunter 5®: Battle of the Atlantic,https://store.steampowered.com/app/48110/,https://imho.run/games/48110/silent-hunter-5-battle-of-the-atlantic?utm_source=github,online,2010,1k+
15210,Silent Hunter® III,https://store.steampowered.com/app/15210/,https://imho.run/games/15210/silent-hunter-iii?utm_source=github,online,2008,1k+
1494420,Silica,https://store.steampowered.com/app/1494420/,https://imho.run/games/1494420/silica?utm_source=github,online,2023,1k+
1575940,Sins of a Solar Empire II,https://store.steampowered.com/app/1575940/,https://imho.run/games/1575940/sins-of-a-solar-empire-ii?utm_source=github,online,2024,1k+
1492070,Sker Ritual,https://store.steampowered.com/app/1492070/,https://imho.run/games/1492070/sker-ritual?utm_source=github,online,2024,1k+
2823080,Sketchy's Contract,https://store.steampowered.com/app/2823080/,https://imho.run/games/2823080/sketchy-s-contract?utm_source=github,online,2026,1k+
308600,Skillshot City,https://store.steampowered.com/app/308600/,https://imho.run/games/308600/skillshot-city?utm_source=github,online,2017,1k+
2853730,Skull and Bones,https://store.steampowered.com/app/2853730/,https://imho.run/games/2853730/skull-and-bones?utm_source=github,online,2024,1k+
1482620,Slappyball,https://store.steampowered.com/app/1482620/,https://imho.run/games/1482620/slappyball?utm_source=github,online,2024,1k+
2486740,Sledders,https://store.steampowered.com/app/2486740/,https://imho.run/games/2486740/sledders?utm_source=github,online,2025,1k+
3438850,Sledding Game,https://store.steampowered.com/app/3438850/,https://imho.run/games/3438850/sledding-game?utm_source=github,online,2026,1k+
768200,Smalland: Survive the Wilds,https://store.steampowered.com/app/768200/,https://imho.run/games/768200/smalland-survive-the-wilds?utm_source=github,online,2024,1k+
1352080,SMASH LEGENDS,https://store.steampowered.com/app/1352080/,https://imho.run/games/1352080/smash-legends?utm_source=github,online,2021,1k+
1500740,Snail Simulator,https://store.steampowered.com/app/1500740/,https://imho.run/games/1500740/snail-simulator?utm_source=github,online,2023,1k+
2410490,Sneak Out,https://store.steampowered.com/app/2410490/,https://imho.run/games/2410490/sneak-out?utm_source=github,online,2024,1k+
63380,Sniper Elite V2,https://store.steampowered.com/app/63380/,https://imho.run/games/63380/sniper-elite-v2?utm_source=github,online,2012,1k+
728740,Sniper Elite V2 Remastered,https://store.steampowered.com/app/728740/,https://imho.run/games/728740/sniper-elite-v2-remastered?utm_source=github,online,2019,1k+
227100,Sniper Elite: Nazi Zombie Army,https://store.steampowered.com/app/227100/,https://imho.run/games/227100/sniper-elite-nazi-zombie-army?utm_source=github,online,2013,1k+
247910,Sniper Elite: Nazi Zombie Army 2,https://store.steampowered.com/app/247910/,https://imho.run/games/247910/sniper-elite-nazi-zombie-army-2?utm_source=github,online,2013,1k+
2169200,Sniper Elite: Resistance,https://store.steampowered.com/app/2169200/,https://imho.run/games/2169200/sniper-elite-resistance?utm_source=github,online,2025,1k+
2668080,Snowbreak: Containment Zone,https://store.steampowered.com/app/2668080/,https://imho.run/games/2668080/snowbreak-containment-zone?utm_source=github,online,2023,1k+
1805110,Solarpunk™,https://store.steampowered.com/app/1805110/,https://imho.run/games/1805110/solarpunk?utm_source=github,online,2026,1k+
239660,Soldier Front 2,https://store.steampowered.com/app/239660/,https://imho.run/games/239660/soldier-front-2?utm_source=github,online,2013,1k+
2373990,Solo Leveling: ARISE OVERDRIVE,https://store.steampowered.com/app/2373990/,https://imho.run/games/2373990/solo-leveling-arise-overdrive?utm_source=github,online,2025,1k+
2951690,Sonic Rumble Party,https://store.steampowered.com/app/2951690/,https://imho.run/games/2951690/sonic-rumble-party?utm_source=github,online,2025,1k+
1377580,Soulworker,https://store.steampowered.com/app/1377580/,https://imho.run/games/1377580/soulworker?utm_source=github,online,2021,1k+
1214650,SOUTH PARK: SNOW DAY!,https://store.steampowered.com/app/1214650/,https://imho.run/games/1214650/south-park-snow-day?utm_source=github,online,2024,1k+
298900,Space Hulk: Deathwing,https://store.steampowered.com/app/298900/,https://imho.run/games/298900/space-hulk-deathwing?utm_source=github,online,2016,1k+
436180,Spacelords,https://store.steampowered.com/app/436180/,https://imho.run/games/436180/spacelords?utm_source=github,online,2017,1k+
2747330,Species: Unknown,https://store.steampowered.com/app/2747330/,https://imho.run/games/2747330/species-unknown?utm_source=github,online,2025,1k+
311290,SpellForce 3 Reforced,https://store.steampowered.com/app/311290/,https://imho.run/games/311290/spellforce-3-reforced?utm_source=github,online,2017,1k+
527100,Star Trek™: Bridge Crew,https://store.steampowered.com/app/527100/,https://imho.run/games/527100/star-trek-bridge-crew?utm_source=github,online,2017,1k+
405710,Staxel,https://store.steampowered.com/app/405710/,https://imho.run/games/405710/staxel?utm_source=github,online,2019,1k+
919640,Steel Division 2,https://store.steampowered.com/app/919640/,https://imho.run/games/919640/steel-division-2?utm_source=github,online,2019,1k+
572410,Steel Division: Normandy 44,https://store.steampowered.com/app/572410/,https://imho.run/games/572410/steel-division-normandy-44?utm_source=github,online,2017,1k+
1691340,STEEL HUNTERS,https://store.steampowered.com/app/1691340/,https://imho.run/games/1691340/steel-hunters?utm_source=github,online,2025,1k+
390670,Steel Ocean,https://store.steampowered.com/app/390670/,https://imho.run/games/390670/steel-ocean?utm_source=github,online,2015,1k+
1442430,Storage Hunter Simulator,https://store.steampowered.com/app/1442430/,https://imho.run/games/1442430/storage-hunter-simulator?utm_source=github,online,2025,1k+
3417410,Storebound,https://store.steampowered.com/app/3417410/,https://imho.run/games/3417410/storebound?utm_source=github,online,2026,1k+
862800,Storm Chasers,https://store.steampowered.com/app/862800/,https://imho.run/games/862800/storm-chasers?utm_source=github,online,2019,1k+
312670,Strange Brigade,https://store.steampowered.com/app/312670/,https://imho.run/games/312670/strange-brigade?utm_source=github,online,2018,1k+
1358700,STRANGER OF PARADISE FINAL FANTASY ORIGIN,https://store.steampowered.com/app/1358700/,https://imho.run/games/1358700/stranger-of-paradise-final-fantasy-origin?utm_source=github,online,2023,1k+
339280,Strife®,https://store.steampowered.com/app/339280/,https://imho.run/games/339280/strife?utm_source=github,online,2015,1k+
1981820,Strike Force Heroes,https://store.steampowered.com/app/1981820/,https://imho.run/games/1981820/strike-force-heroes?utm_source=github,online,2023,1k+
1952920,Strikers Club,https://store.steampowered.com/app/1952920/,https://imho.run/games/1952920/strikers-club?utm_source=github,online,2026,1k+
232890,Stronghold Crusader 2,https://store.steampowered.com/app/232890/,https://imho.run/games/232890/stronghold-crusader-2?utm_source=github,online,2014,1k+
3024040,Stronghold Crusader: Definitive Edition,https://store.steampowered.com/app/3024040/,https://imho.run/games/3024040/stronghold-crusader-definitive-edition?utm_source=github,online,2025,1k+
47410,Stronghold Kingdoms,https://store.steampowered.com/app/47410/,https://imho.run/games/47410/stronghold-kingdoms?utm_source=github,online,2012,1k+
40980,Stronghold Legends: Steam Edition,https://store.steampowered.com/app/40980/,https://imho.run/games/40980/stronghold-legends-steam-edition?utm_source=github,online,2016,1k+
907650,Stronghold: Warlords,https://store.steampowered.com/app/907650/,https://imho.run/games/907650/stronghold-warlords?utm_source=github,online,2021,1k+
355790,Styx: Shards of Darkness,https://store.steampowered.com/app/355790/,https://imho.run/games/355790/styx-shards-of-darkness?utm_source=github,online,2017,1k+
272230,Sub Rosa,https://store.steampowered.com/app/272230/,https://imho.run/games/272230/sub-rosa?utm_source=github,online,2021,1k+
2167580,Summoners War: Chronicles,https://store.steampowered.com/app/2167580/,https://imho.run/games/2167580/summoners-war-chronicles?utm_source=github,online,2022,1k+
1368910,Super Mecha Champions,https://store.steampowered.com/app/1368910/,https://imho.run/games/1368910/super-mecha-champions?utm_source=github,online,2021,1k+
321400,Supraball,https://store.steampowered.com/app/321400/,https://imho.run/games/321400/supraball?utm_source=github,online,2019,1k+
979920,Supremacy: 1914,https://store.steampowered.com/app/979920/,https://imho.run/games/979920/supremacy-1914?utm_source=github,online,2019,1k+
672680,Supremacy: Call of War 1942,https://store.steampowered.com/app/672680/,https://imho.run/games/672680/supremacy-call-of-war-1942?utm_source=github,online,2017,1k+
784950,SUPREMACY: WORLD WAR 3,https://store.steampowered.com/app/784950/,https://imho.run/games/784950/supremacy-world-war-3?utm_source=github,online,2018,1k+
722180,SURV1V3,https://store.steampowered.com/app/722180/,https://imho.run/games/722180/surv1v3?utm_source=github,online,2021,1k+
340050,Survivalist,https://store.steampowered.com/app/340050/,https://imho.run/games/340050/survivalist?utm_source=github,online,2015,1k+
1054510,Survivalist: Invisible Strain,https://store.steampowered.com/app/1054510/,https://imho.run/games/1054510/survivalist-invisible-strain?utm_source=github,online,2025,1k+
541300,Survive the Nights,https://store.steampowered.com/app/541300/,https://imho.run/games/541300/survive-the-nights?utm_source=github,online,2025,1k+
1009290,SWORD ART ONLINE Alicization Lycoris,https://store.steampowered.com/app/1009290/,https://imho.run/games/1009290/sword-art-online-alicization-lycoris?utm_source=github,online,2020,1k+
607890,Sword Art Online: Hollow Realization Deluxe Edition,https://store.steampowered.com/app/607890/,https://imho.run/games/607890/sword-art-online-hollow-realization-deluxe-edition?utm_source=github,online,2017,1k+
2371630,Sword Art Online: Integral Factor,https://store.steampowered.com/app/2371630/,https://imho.run/games/2371630/sword-art-online-integral-factor?utm_source=github,online,2023,1k+
1418100,Swords of Legends Online,https://store.steampowered.com/app/1418100/,https://imho.run/games/1418100/swords-of-legends-online?utm_source=github,online,2021,1k+
1763250,SWORN,https://store.steampowered.com/app/1763250/,https://imho.run/games/1763250/sworn?utm_source=github,online,2025,1k+
1008080,SYNCED,https://store.steampowered.com/app/1008080/,https://imho.run/games/1008080/synced?utm_source=github,online,2023,1k+
1471410,SYNTHETIK 2,https://store.steampowered.com/app/1471410/,https://imho.run/games/1471410/synthetik-2?utm_source=github,online,2021,1k+
866570,System Shock 2: 25th Anniversary Remaster,https://store.steampowered.com/app/866570/,https://imho.run/games/866570/system-shock-2-25th-anniversary-remaster?utm_source=github,online,2025,1k+
238210,System Shock® 2 (1999),https://store.steampowered.com/app/238210/,https://imho.run/games/238210/system-shock-2-1999?utm_source=github,online,2013,1k+
402560,Tabletopia,https://store.steampowered.com/app/402560/,https://imho.run/games/402560/tabletopia?utm_source=github,online,2016,1k+
2314160,Tactical Assault VR,https://store.steampowered.com/app/2314160/,https://imho.run/games/2314160/tactical-assault-vr?utm_source=github,online,2023,1k+
244030,Take On Mars,https://store.steampowered.com/app/244030/,https://imho.run/games/244030/take-on-mars?utm_source=github,online,2017,1k+
236510,Takedown: Red Sabre,https://store.steampowered.com/app/236510/,https://imho.run/games/236510/takedown-red-sabre?utm_source=github,online,2014,1k+
720620,TaleSpire,https://store.steampowered.com/app/720620/,https://imho.run/games/720620/talespire?utm_source=github,online,2021,1k+
562010,Tanki Online,https://store.steampowered.com/app/562010/,https://imho.run/games/562010/tanki-online?utm_source=github,online,2017,1k+
1913120,Tears of Metal,https://store.steampowered.com/app/1913120/,https://imho.run/games/1913120/tears-of-metal?utm_source=github,online,2026,1k+
1457320,Techtonica,https://store.steampowered.com/app/1457320/,https://imho.run/games/1457320/techtonica?utm_source=github,online,2024,1k+
2510960,Temtem: Swarm,https://store.steampowered.com/app/2510960/,https://imho.run/games/2510960/temtem-swarm?utm_source=github,online,2026,1k+
3104410,Terminull Brigade™,https://store.steampowered.com/app/3104410/,https://imho.run/games/3104410/terminull-brigade?utm_source=github,online,2025,1k+
2313330,TerraTech Worlds,https://store.steampowered.com/app/2313330/,https://imho.run/games/2313330/terratech-worlds?utm_source=github,online,2024,1k+
1249970,Test Drive Unlimited Solar Crown,https://store.steampowered.com/app/1249970/,https://imho.run/games/1249970/test-drive-unlimited-solar-crown?utm_source=github,online,2024,1k+
599080,The Blackout Club,https://store.steampowered.com/app/599080/,https://imho.run/games/599080/the-blackout-club?utm_source=github,online,2019,1k+
1397390,The Break-In,https://store.steampowered.com/app/1397390/,https://imho.run/games/1397390/the-break-in?utm_source=github,online,2025,1k+
491540,The Bus,https://store.steampowered.com/app/491540/,https://imho.run/games/491540/the-bus?utm_source=github,online,2026,1k+
67370,The Darkness II,https://store.steampowered.com/app/67370/,https://imho.run/games/67370/the-darkness-ii?utm_source=github,online,2012,1k+
2285150,The Front,https://store.steampowered.com/app/2285150/,https://imho.run/games/2285150/the-front?utm_source=github,online,2025,1k+
1451480,The Greatest Penguin Heist of All Time,https://store.steampowered.com/app/1451480/,https://imho.run/games/1451480/the-greatest-penguin-heist-of-all-time?utm_source=github,online,2026,1k+
311260,The Guild 3,https://store.steampowered.com/app/311260/,https://imho.run/games/311260/the-guild-3?utm_source=github,online,2022,1k+
3059070,The Headliners,https://store.steampowered.com/app/3059070/,https://imho.run/games/3059070/the-headliners?utm_source=github,online,2025,1k+
215530,The Incredible Adventures of Van Helsing,https://store.steampowered.com/app/215530/,https://imho.run/games/215530/the-incredible-adventures-of-van-helsing?utm_source=github,online,2013,1k+
2569760,The Mound: Omen of Cthulhu,https://store.steampowered.com/app/2569760/,https://imho.run/games/2569760/the-mound-omen-of-cthulhu?utm_source=github,online,2026,1k+
512470,The Pirate: Caribbean Hunt,https://store.steampowered.com/app/512470/,https://imho.run/games/512470/the-pirate-caribbean-hunt?utm_source=github,online,2016,1k+
2294660,The Quinfall,https://store.steampowered.com/app/2294660/,https://imho.run/games/2294660/the-quinfall?utm_source=github,online,2026,1k+
3679080,The Seven Deadly Sins: Origin,https://store.steampowered.com/app/3679080/,https://imho.run/games/3679080/the-seven-deadly-sins-origin?utm_source=github,online,2026,1k+
2904000,The Spell Brigade,https://store.steampowered.com/app/2904000/,https://imho.run/games/2904000/the-spell-brigade?utm_source=github,online,2026,1k+
897450,The Survivalists,https://store.steampowered.com/app/897450/,https://imho.run/games/897450/the-survivalists?utm_source=github,online,2020,1k+
1792010,The Timeless Child - Prologue,https://store.steampowered.com/app/1792010/,https://imho.run/games/1792010/the-timeless-child-prologue?utm_source=github,online,2021,1k+
526160,The Wild Eight,https://store.steampowered.com/app/526160/,https://imho.run/games/526160/the-wild-eight?utm_source=github,online,2019,1k+
606230,Thea 2: The Shattering,https://store.steampowered.com/app/606230/,https://imho.run/games/606230/thea-2-the-shattering?utm_source=github,online,2019,1k+
322920,theHunter: Primal,https://store.steampowered.com/app/322920/,https://imho.run/games/322920/thehunter-primal?utm_source=github,online,2015,1k+
1142130,They Can't Stop All Of Us,https://store.steampowered.com/app/1142130/,https://imho.run/games/1142130/they-can-t-stop-all-of-us?utm_source=github,online,2019,1k+
595280,Throne of Lies®: Medieval Politics,https://store.steampowered.com/app/595280/,https://imho.run/games/595280/throne-of-lies-medieval-politics?utm_source=github,online,2017,1k+
377300,Thunder Tier One,https://store.steampowered.com/app/377300/,https://imho.run/games/377300/thunder-tier-one?utm_source=github,online,2021,1k+
212630,Tom Clancy's Ghost Recon: Future Soldier™,https://store.steampowered.com/app/212630/,https://imho.run/games/212630/tom-clancy-s-ghost-recon-future-soldier?utm_source=github,online,2012,1k+
15300,Tom Clancy's Ghost Recon®,https://store.steampowered.com/app/15300/,https://imho.run/games/15300/tom-clancy-s-ghost-recon?utm_source=github,online,2008,1k+
15120,Tom Clancy's Rainbow Six® Vegas 2,https://store.steampowered.com/app/15120/,https://imho.run/games/15120/tom-clancy-s-rainbow-six-vegas-2?utm_source=github,online,2008,1k+
33220,Tom Clancy's Splinter Cell Conviction™,https://store.steampowered.com/app/33220/,https://imho.run/games/33220/tom-clancy-s-splinter-cell-conviction?utm_source=github,online,2010,1k+
2379390,Tom Clancy’s Rainbow Six® Extraction,https://store.steampowered.com/app/2379390/,https://imho.run/games/2379390/tom-clancy-s-rainbow-six-extraction?utm_source=github,online,2023,1k+
1827180,Toram Online,https://store.steampowered.com/app/1827180/,https://imho.run/games/1827180/toram-online?utm_source=github,online,2021,1k+
1030210,Torchlight III,https://store.steampowered.com/app/1030210/,https://imho.run/games/1030210/torchlight-iii?utm_source=github,online,2020,1k+
324810,TOXIKK™,https://store.steampowered.com/app/324810/,https://imho.run/games/324810/toxikk?utm_source=github,online,2016,1k+
553520,Trainz Railroad Simulator 2019,https://store.steampowered.com/app/553520/,https://imho.run/games/553520/trainz-railroad-simulator-2019?utm_source=github,online,2019,1k+
315660,Trainz: A New Era,https://store.steampowered.com/app/315660/,https://imho.run/games/315660/trainz-a-new-era?utm_source=github,online,2015,1k+
361800,Tree of Life,https://store.steampowered.com/app/361800/,https://imho.run/games/361800/tree-of-life?utm_source=github,online,2017,1k+
2687970,TRIBES 3: Rivals,https://store.steampowered.com/app/2687970/,https://imho.run/games/2687970/tribes-3-rivals?utm_source=github,online,2024,1k+
245620,Tropico 5,https://store.steampowered.com/app/245620/,https://imho.run/games/245620/tropico-5?utm_source=github,online,2014,1k+
1930,Two Worlds Epic Edition,https://store.steampowered.com/app/1930/,https://imho.run/games/1930/two-worlds-epic-edition?utm_source=github,online,2009,1k+
7520,Two Worlds II HD,https://store.steampowered.com/app/7520/,https://imho.run/games/7520/two-worlds-ii-hd?utm_source=github,online,2011,1k+
468920,Ultimate Fishing Simulator®,https://store.steampowered.com/app/468920/,https://imho.run/games/468920/ultimate-fishing-simulator?utm_source=github,online,2018,1k+
2069040,Unboxing the Cryptic Killer,https://store.steampowered.com/app/2069040/,https://imho.run/games/2069040/unboxing-the-cryptic-killer?utm_source=github,online,2023,1k+
1881700,Undawn,https://store.steampowered.com/app/1881700/,https://imho.run/games/1881700/undawn?utm_source=github,online,2023,1k+
1549250,UNDECEMBER: 4th Anniversary,https://store.steampowered.com/app/1549250/,https://imho.run/games/1549250/undecember-4th-anniversary?utm_source=github,online,2022,1k+
233980,UnEpic,https://store.steampowered.com/app/233980/,https://imho.run/games/233980/unepic?utm_source=github,online,2014,1k+
13210,Unreal Tournament 3,https://store.steampowered.com/app/13210/,https://imho.run/games/13210/unreal-tournament-3?utm_source=github,online,2009,1k+
2084050,Unsolved Case,https://store.steampowered.com/app/2084050/,https://imho.run/games/2084050/unsolved-case?utm_source=github,online,2022,1k+
1934780,VEILED EXPERTS,https://store.steampowered.com/app/1934780/,https://imho.run/games/1934780/veiled-experts?utm_source=github,online,2023,1k+
917950,Vellum,https://store.steampowered.com/app/917950/,https://imho.run/games/917950/vellum?utm_source=github,online,2025,1k+
1063420,Void Crew,https://store.steampowered.com/app/1063420/,https://imho.run/games/1063420/void-crew?utm_source=github,online,2024,1k+
1159690,Voidtrain,https://store.steampowered.com/app/1159690/,https://imho.run/games/1159690/voidtrain?utm_source=github,online,2025,1k+
951440,Volcanoids,https://store.steampowered.com/app/951440/,https://imho.run/games/951440/volcanoids?utm_source=github,online,2019,1k+
2686630,Voyagers of Nera,https://store.steampowered.com/app/2686630/,https://imho.run/games/2686630/voyagers-of-nera?utm_source=github,online,2025,1k+
566860,VR Dungeon Knight,https://store.steampowered.com/app/566860/,https://imho.run/games/566860/vr-dungeon-knight?utm_source=github,online,2017,1k+
215080,WAKFU,https://store.steampowered.com/app/215080/,https://imho.run/games/215080/wakfu?utm_source=github,online,2014,1k+
957790,War Dust VR: 32v32 Battlefields,https://store.steampowered.com/app/957790/,https://imho.run/games/957790/war-dust-vr-32v32-battlefields?utm_source=github,online,2020,1k+
3902430,War of Dots,https://store.steampowered.com/app/3902430/,https://imho.run/games/3902430/war-of-dots?utm_source=github,online,2026,1k+
222750,Wargame: Airland Battle,https://store.steampowered.com/app/222750/,https://imho.run/games/222750/wargame-airland-battle?utm_source=github,online,2013,1k+
58610,Wargame: European Escalation,https://store.steampowered.com/app/58610/,https://imho.run/games/58610/wargame-european-escalation?utm_source=github,online,2012,1k+
15620,"Warhammer 40,000: Dawn of War II - Anniversary Edition (Classic)",https://store.steampowered.com/app/15620/,https://imho.run/games/15620/warhammer-40-000-dawn-of-war-ii-anniversary-edition-classic?utm_source=github,online,2009,1k+
56400,"Warhammer 40,000: Dawn of War II: Retribution",https://store.steampowered.com/app/56400/,https://imho.run/games/56400/warhammer-40-000-dawn-of-war-ii-retribution?utm_source=github,online,2011,1k+
375230,"Warhammer 40,000: Eternal Crusade",https://store.steampowered.com/app/375230/,https://imho.run/games/375230/warhammer-40-000-eternal-crusade?utm_source=github,online,2016,1k+
1042800,"Warhammer 40,000: Inquisitor - Prophecy",https://store.steampowered.com/app/1042800/,https://imho.run/games/1042800/warhammer-40-000-inquisitor-prophecy?utm_source=github,online,2019,1k+
2239550,Watch Dogs®: Legion,https://store.steampowered.com/app/2239550/,https://imho.run/games/2239550/watch-dogs-legion?utm_source=github,online,2023,1k+
2343650,Waven,https://store.steampowered.com/app/2343650/,https://imho.run/games/2343650/waven?utm_source=github,online,2023,1k+
1288320,Way of the Hunter,https://store.steampowered.com/app/1288320/,https://imho.run/games/1288320/way-of-the-hunter?utm_source=github,online,2022,1k+
2543830,Way of the Hunter 2,https://store.steampowered.com/app/2543830/,https://imho.run/games/2543830/way-of-the-hunter-2?utm_source=github,online,2026,1k+
307110,We Need To Go Deeper,https://store.steampowered.com/app/307110/,https://imho.run/games/307110/we-need-to-go-deeper?utm_source=github,online,2019,1k+
2296990,We Were Here Expeditions: The FriendShip,https://store.steampowered.com/app/2296990/,https://imho.run/games/2296990/we-were-here-expeditions-the-friendship?utm_source=github,online,2023,1k+
865360,We Were Here Together,https://store.steampowered.com/app/865360/,https://imho.run/games/865360/we-were-here-together?utm_source=github,online,2019,1k+
677160,We Were Here Too,https://store.steampowered.com/app/677160/,https://imho.run/games/677160/we-were-here-too?utm_source=github,online,2018,1k+
1182020,WGT Golf,https://store.steampowered.com/app/1182020/,https://imho.run/games/1182020/wgt-golf?utm_source=github,online,2020,1k+
1953230,Whisper Mountain Outbreak,https://store.steampowered.com/app/1953230/,https://imho.run/games/1953230/whisper-mountain-outbreak?utm_source=github,online,2025,1k+
2827230,Wild Assault,https://store.steampowered.com/app/2827230/,https://imho.run/games/2827230/wild-assault?utm_source=github,online,2026,1k+
1938010,WILD HEARTS™,https://store.steampowered.com/app/1938010/,https://imho.run/games/1938010/wild-hearts?utm_source=github,online,2023,1k+
3504780,Wildgate,https://store.steampowered.com/app/3504780/,https://imho.run/games/3504780/wildgate?utm_source=github,online,2025,1k+
1599330,Wildmender,https://store.steampowered.com/app/1599330/,https://imho.run/games/1599330/wildmender?utm_source=github,online,2023,1k+
1911610,Windblown,https://store.steampowered.com/app/1911610/,https://imho.run/games/1911610/windblown?utm_source=github,online,2024,1k+
326410,Windward,https://store.steampowered.com/app/326410/,https://imho.run/games/326410/windward?utm_source=github,online,2015,1k+
3709430,Witch's Apocalyptic Journey,https://store.steampowered.com/app/3709430/,https://imho.run/games/3709430/witch-s-apocalyptic-journey?utm_source=github,online,2026,1k+
2679100,Witchspire,https://store.steampowered.com/app/2679100/,https://imho.run/games/2679100/witchspire?utm_source=github,online,2026,1k+
1150530,Wizard with a Gun,https://store.steampowered.com/app/1150530/,https://imho.run/games/1150530/wizard-with-a-gun?utm_source=github,online,2023,1k+
1448440,Wo Long: Fallen Dynasty,https://store.steampowered.com/app/1448440/,https://imho.run/games/1448440/wo-long-fallen-dynasty?utm_source=github,online,2023,1k+
490920,Wolfpack,https://store.steampowered.com/app/490920/,https://imho.run/games/490920/wolfpack?utm_source=github,online,2019,1k+
2948190,World of Sea Battle,https://store.steampowered.com/app/2948190/,https://imho.run/games/2948190/world-of-sea-battle?utm_source=github,online,2025,1k+
790710,World of Warplanes,https://store.steampowered.com/app/790710/,https://imho.run/games/790710/world-of-warplanes?utm_source=github,online,2022,1k+
322780,Worlds Adrift,https://store.steampowered.com/app/322780/,https://imho.run/games/322780/worlds-adrift?utm_source=github,online,2017,1k+
1953520,WRC Generations – The FIA WRC Official Game,https://store.steampowered.com/app/1953520/,https://imho.run/games/1953520/wrc-generations-the-fia-wrc-official-game?utm_source=github,online,2022,1k+
936720,Wrench,https://store.steampowered.com/app/936720/,https://imho.run/games/936720/wrench?utm_source=github,online,2018,1k+
1179680,Wurm Online,https://store.steampowered.com/app/1179680/,https://imho.run/games/1179680/wurm-online?utm_source=github,online,2020,1k+
366220,Wurm Unlimited,https://store.steampowered.com/app/366220/,https://imho.run/games/366220/wurm-unlimited?utm_source=github,online,2015,1k+
251950,WWII Online,https://store.steampowered.com/app/251950/,https://imho.run/games/251950/wwii-online?utm_source=github,online,2023,1k+
625340,XERA: Survival,https://store.steampowered.com/app/625340/,https://imho.run/games/625340/xera-survival?utm_source=github,online,2021,1k+
3834090,YAPYAP,https://store.steampowered.com/app/3834090/,https://imho.run/games/3834090/yapyap?utm_source=github,online,2026,1k+
298610,Ylands,https://store.steampowered.com/app/298610/,https://imho.run/games/298610/ylands?utm_source=github,online,2019,1k+
1403370,Zenith: Nexus,https://store.steampowered.com/app/1403370/,https://imho.run/games/1403370/zenith-nexus?utm_source=github,online,2022,1k+
877200,Zero Caliber VR,https://store.steampowered.com/app/877200/,https://imho.run/games/877200/zero-caliber-vr?utm_source=github,online,2023,1k+
334920,Zero-K,https://store.steampowered.com/app/334920/,https://imho.run/games/334920/zero-k?utm_source=github,online,2018,1k+
694280,Zombie Army 4: Dead War,https://store.steampowered.com/app/694280/,https://imho.run/games/694280/zombie-army-4-dead-war?utm_source=github,online,2021,1k+
17500,Zombie Panic! Source,https://store.steampowered.com/app/17500/,https://imho.run/games/17500/zombie-panic-source?utm_source=github,online,2008,1k+
1801520,Zombieville USA 3D,https://store.steampowered.com/app/1801520/,https://imho.run/games/1801520/zombieville-usa-3d?utm_source=github,online,2025,1k+
3121110,Zort,https://store.steampowered.com/app/3121110/,https://imho.run/games/3121110/zort?utm_source=github,online,2024,1k+
747610,Zula Global,https://store.steampowered.com/app/747610/,https://imho.run/games/747610/zula-global?utm_source=github,online,2018,1k+
1941780,Zumbi Blocks 2 Open Alpha,https://store.steampowered.com/app/1941780/,https://imho.run/games/1941780/zumbi-blocks-2-open-alpha?utm_source=github,online,2023,1k+
1439750,9-Bit Armies: A Bit Too Far,https://store.steampowered.com/app/1439750/,https://imho.run/games/1439750/9-bit-armies-a-bit-too-far?utm_source=github,online,2024,500+
4512570,A Game About Chopping Trees,https://store.steampowered.com/app/4512570/,https://imho.run/games/4512570/a-game-about-chopping-trees?utm_source=github,online,2026,500+
1314000,Achilles: Legends Untold,https://store.steampowered.com/app/1314000/,https://imho.run/games/1314000/achilles-legends-untold?utm_source=github,online,2023,500+
573410,AI War 2,https://store.steampowered.com/app/573410/,https://imho.run/games/573410/ai-war-2?utm_source=github,online,2019,500+
40400,AI War: Fleet Command,https://store.steampowered.com/app/40400/,https://imho.run/games/40400/ai-war-fleet-command?utm_source=github,online,2009,500+
1715280,AirportSim,https://store.steampowered.com/app/1715280/,https://imho.run/games/1715280/airportsim?utm_source=github,online,2023,500+
22610,Alien Breed: Impact,https://store.steampowered.com/app/22610/,https://imho.run/games/22610/alien-breed-impact?utm_source=github,online,2010,500+
3516590,Allumeria,https://store.steampowered.com/app/3516590/,https://imho.run/games/3516590/allumeria?utm_source=github,online,2026,500+
2089250,Alpha Response,https://store.steampowered.com/app/2089250/,https://imho.run/games/2089250/alpha-response?utm_source=github,online,2024,500+
488440,Angeldust,https://store.steampowered.com/app/488440/,https://imho.run/games/488440/angeldust?utm_source=github,online,2019,500+
2658510,Animal Shelter 2,https://store.steampowered.com/app/2658510/,https://imho.run/games/2658510/animal-shelter-2?utm_source=github,online,2025,500+
3393280,Anime Shop Simulator ✨,https://store.steampowered.com/app/3393280/,https://imho.run/games/3393280/anime-shop-simulator?utm_source=github,online,2026,500+
1487390,ANVIL,https://store.steampowered.com/app/1487390/,https://imho.run/games/1487390/anvil?utm_source=github,online,2023,500+
2351560,Apocalypse Party,https://store.steampowered.com/app/2351560/,https://imho.run/games/2351560/apocalypse-party?utm_source=github,online,2023,500+
2897700,Arizona Sunshine® Remake,https://store.steampowered.com/app/2897700/,https://imho.run/games/2897700/arizona-sunshine-remake?utm_source=github,online,2024,500+
1185560,Astellia,https://store.steampowered.com/app/1185560/,https://imho.run/games/1185560/astellia?utm_source=github,online,2020,500+
2275020,Backrooms Rec.,https://store.steampowered.com/app/2275020/,https://imho.run/games/2275020/backrooms-rec?utm_source=github,online,2024,500+
1218280,Bad Guys at School,https://store.steampowered.com/app/1218280/,https://imho.run/games/1218280/bad-guys-at-school?utm_source=github,online,2020,500+
1560500,Badlanders,https://store.steampowered.com/app/1560500/,https://imho.run/games/1560500/badlanders?utm_source=github,online,2022,500+
316430,Battle of Empires : 1914-1918,https://store.steampowered.com/app/316430/,https://imho.run/games/316430/battle-of-empires-1914-1918?utm_source=github,online,2015,500+
1331510,Battle Talent,https://store.steampowered.com/app/1331510/,https://imho.run/games/1331510/battle-talent?utm_source=github,online,2023,500+
1969870,Battle Teams 2,https://store.steampowered.com/app/1969870/,https://imho.run/games/1969870/battle-teams-2?utm_source=github,online,2022,500+
1178780,BattleGroupVR,https://store.steampowered.com/app/1178780/,https://imho.run/games/1178780/battlegroupvr?utm_source=github,online,2023,500+
877010,Beyond Contact,https://store.steampowered.com/app/877010/,https://imho.run/games/877010/beyond-contact?utm_source=github,online,2023,500+
3385970,Beyond Sandbox,https://store.steampowered.com/app/3385970/,https://imho.run/games/3385970/beyond-sandbox?utm_source=github,online,2026,500+
3180310,Billies Wheelie,https://store.steampowered.com/app/3180310/,https://imho.run/games/3180310/billies-wheelie?utm_source=github,online,2025,500+
3669060,Blade & Soul NEO,https://store.steampowered.com/app/3669060/,https://imho.run/games/3669060/blade-soul-neo?utm_source=github,online,2025,500+
2790330,Blood Typers,https://store.steampowered.com/app/2790330/,https://imho.run/games/2790330/blood-typers?utm_source=github,online,2025,500+
3588490,Bogos Binted?,https://store.steampowered.com/app/3588490/,https://imho.run/games/3588490/bogos-binted?utm_source=github,online,2026,500+
1203180,Breakwaters: Crystal Tides,https://store.steampowered.com/app/1203180/,https://imho.run/games/1203180/breakwaters-crystal-tides?utm_source=github,online,2021,500+
2199420,Brickadia,https://store.steampowered.com/app/2199420/,https://imho.run/games/2199420/brickadia?utm_source=github,online,2025,500+
2397320,Bus Simulator 27,https://store.steampowered.com/app/2397320/,https://imho.run/games/2397320/bus-simulator-27?utm_source=github,online,2026,500+
1343070,Call to Arms: Panzer Elite,https://store.steampowered.com/app/1343070/,https://imho.run/games/1343070/call-to-arms-panzer-elite?utm_source=github,online,2025,500+
1826420,CarX Drift Racing Online 2,https://store.steampowered.com/app/1826420/,https://imho.run/games/1826420/carx-drift-racing-online-2?utm_source=github,online,2026,500+
319050,Chaos Reborn,https://store.steampowered.com/app/319050/,https://imho.run/games/319050/chaos-reborn?utm_source=github,online,2015,500+
2826180,Chill Pulse,https://store.steampowered.com/app/2826180/,https://imho.run/games/2826180/chill-pulse?utm_source=github,online,2024,500+
225420,Cities in Motion 2,https://store.steampowered.com/app/225420/,https://imho.run/games/225420/cities-in-motion-2?utm_source=github,online,2013,500+
3394840,Clawed,https://store.steampowered.com/app/3394840/,https://imho.run/games/3394840/clawed?utm_source=github,online,2026,500+
3575300,Climb The Backrooms,https://store.steampowered.com/app/3575300/,https://imho.run/games/3575300/climb-the-backrooms?utm_source=github,online,2025,500+
520010,Climbey,https://store.steampowered.com/app/520010/,https://imho.run/games/520010/climbey?utm_source=github,online,2022,500+
2070270,Cloudheim,https://store.steampowered.com/app/2070270/,https://imho.run/games/2070270/cloudheim?utm_source=github,online,2025,500+
1263550,Combat Arms: the Classic,https://store.steampowered.com/app/1263550/,https://imho.run/games/1263550/combat-arms-the-classic?utm_source=github,online,2020,500+
6830,Commandos 2: Men of Courage,https://store.steampowered.com/app/6830/,https://imho.run/games/6830/commandos-2-men-of-courage?utm_source=github,online,2007,500+
989690,Conan Unconquered,https://store.steampowered.com/app/989690/,https://imho.run/games/989690/conan-unconquered?utm_source=github,online,2019,500+
905370,Conqueror's Blade,https://store.steampowered.com/app/905370/,https://imho.run/games/905370/conqueror-s-blade?utm_source=github,online,2019,500+
241240,Contraption Maker,https://store.steampowered.com/app/241240/,https://imho.run/games/241240/contraption-maker?utm_source=github,online,2014,500+
1140620,CosmicBreak Universal,https://store.steampowered.com/app/1140620/,https://imho.run/games/1140620/cosmicbreak-universal?utm_source=github,online,2021,500+
3583210,Crashout Crew,https://store.steampowered.com/app/3583210/,https://imho.run/games/3583210/crashout-crew?utm_source=github,online,2026,500+
280520,Crea,https://store.steampowered.com/app/280520/,https://imho.run/games/280520/crea?utm_source=github,online,2016,500+
1990050,Creature Crafter,https://store.steampowered.com/app/1990050/,https://imho.run/games/1990050/creature-crafter?utm_source=github,online,2022,500+
1839660,Crystal Clash,https://store.steampowered.com/app/1839660/,https://imho.run/games/1839660/crystal-clash?utm_source=github,online,2022,500+
1342490,Daemon X Machina: Titanic Scion,https://store.steampowered.com/app/1342490/,https://imho.run/games/1342490/daemon-x-machina-titanic-scion?utm_source=github,online,2025,500+
939100,Darksburg,https://store.steampowered.com/app/939100/,https://imho.run/games/939100/darksburg?utm_source=github,online,2020,500+
619540,Darkwater,https://store.steampowered.com/app/619540/,https://imho.run/games/619540/darkwater?utm_source=github,online,2026,500+
1895130,Darza's Dominion,https://store.steampowered.com/app/1895130/,https://imho.run/games/1895130/darza-s-dominion?utm_source=github,online,2022,500+
394760,Dead Effect 2,https://store.steampowered.com/app/394760/,https://imho.run/games/394760/dead-effect-2?utm_source=github,online,2016,500+
646200,Dead Effect 2 VR,https://store.steampowered.com/app/646200/,https://imho.run/games/646200/dead-effect-2-vr?utm_source=github,online,2017,500+
231330,Deadfall Adventures,https://store.steampowered.com/app/231330/,https://imho.run/games/231330/deadfall-adventures?utm_source=github,online,2013,500+
1131080,Deadswitch 3,https://store.steampowered.com/app/1131080/,https://imho.run/games/1131080/deadswitch-3?utm_source=github,online,2021,500+
2454890,DEATH IN UNISON,https://store.steampowered.com/app/2454890/,https://imho.run/games/2454890/death-in-unison?utm_source=github,online,2024,500+
1200770,Deathground,https://store.steampowered.com/app/1200770/,https://imho.run/games/1200770/deathground?utm_source=github,online,2025,500+
3376480,Delivery & Beyond,https://store.steampowered.com/app/3376480/,https://imho.run/games/3376480/delivery-beyond?utm_source=github,online,2026,500+
3124340,Demeo x Dungeons & Dragons: Battlemarked,https://store.steampowered.com/app/3124340/,https://imho.run/games/3124340/demeo-x-dungeons-dragons-battlemarked?utm_source=github,online,2025,500+
202710,Demigod,https://store.steampowered.com/app/202710/,https://imho.run/games/202710/demigod?utm_source=github,online,2011,500+
1450900,Desynced,https://store.steampowered.com/app/1450900/,https://imho.run/games/1450900/desynced?utm_source=github,online,2026,500+
750050,Diesel Brothers: Truck Building Simulator,https://store.steampowered.com/app/750050/,https://imho.run/games/750050/diesel-brothers-truck-building-simulator?utm_source=github,online,2019,500+
1640,Disciples II: Gallean's Return,https://store.steampowered.com/app/1640/,https://imho.run/games/1640/disciples-ii-gallean-s-return?utm_source=github,online,2006,500+
2231300,Dodgy Deliveries,https://store.steampowered.com/app/2231300/,https://imho.run/games/2231300/dodgy-deliveries?utm_source=github,online,2025,500+
2692990,DON'T SCREAM TOGETHER,https://store.steampowered.com/app/2692990/,https://imho.run/games/2692990/don-t-scream-together?utm_source=github,online,2025,500+
1295900,Draconia,https://store.steampowered.com/app/1295900/,https://imho.run/games/1295900/draconia?utm_source=github,online,2022,500+
381990,Dragon Saga,https://store.steampowered.com/app/381990/,https://imho.run/games/381990/dragon-saga?utm_source=github,online,2015,500+
739650,Drake Hollow,https://store.steampowered.com/app/739650/,https://imho.run/games/739650/drake-hollow?utm_source=github,online,2020,500+
3484300,DREADZONE,https://store.steampowered.com/app/3484300/,https://imho.run/games/3484300/dreadzone?utm_source=github,online,2025,500+
3664010,Drift Legends 2,https://store.steampowered.com/app/3664010/,https://imho.run/games/3664010/drift-legends-2?utm_source=github,online,2025,500+
718650,Driftland: The Magic Revival,https://store.steampowered.com/app/718650/,https://imho.run/games/718650/driftland-the-magic-revival?utm_source=github,online,2019,500+
987020,DRONE The Game,https://store.steampowered.com/app/987020/,https://imho.run/games/987020/drone-the-game?utm_source=github,online,2018,500+
528550,Drunkn Bar Fight,https://store.steampowered.com/app/528550/,https://imho.run/games/528550/drunkn-bar-fight?utm_source=github,online,2025,500+
1804470,Duel Corp.,https://store.steampowered.com/app/1804470/,https://imho.run/games/1804470/duel-corp?utm_source=github,online,2026,500+
3950020,Duet Night Abyss,https://store.steampowered.com/app/3950020/,https://imho.run/games/3950020/duet-night-abyss?utm_source=github,online,2026,500+
3053950,Dungeon Rampage,https://store.steampowered.com/app/3053950/,https://imho.run/games/3053950/dungeon-rampage?utm_source=github,online,2025,500+
2738630,Dungeons & Dragons Neverwinter Nights 2: Enhanced Edition,https://store.steampowered.com/app/2738630/,https://imho.run/games/2738630/dungeons-dragons-neverwinter-nights-2-enhanced-edition?utm_source=github,online,2025,500+
3189340,Dungeons of Eternity,https://store.steampowered.com/app/3189340/,https://imho.run/games/3189340/dungeons-of-eternity?utm_source=github,online,2025,500+
23530,Earth Defense Force: Insect Armageddon,https://store.steampowered.com/app/23530/,https://imho.run/games/23530/earth-defense-force-insect-armageddon?utm_source=github,online,2011,500+
415590,Earthfall,https://store.steampowered.com/app/415590/,https://imho.run/games/415590/earthfall?utm_source=github,online,2018,500+
2599450,EarthKart: Google Maps Driving Simulator,https://store.steampowered.com/app/2599450/,https://imho.run/games/2599450/earthkart-google-maps-driving-simulator?utm_source=github,online,2023,500+
345330,Eden Rising,https://store.steampowered.com/app/345330/,https://imho.run/games/345330/eden-rising?utm_source=github,online,2019,500+
259570,EDEN STAR,https://store.steampowered.com/app/259570/,https://imho.run/games/259570/eden-star?utm_source=github,online,2015,500+
1062830,Embr,https://store.steampowered.com/app/1062830/,https://imho.run/games/1062830/embr?utm_source=github,online,2021,500+
2094320,Escape First Alchemist ⚗️,https://store.steampowered.com/app/2094320/,https://imho.run/games/2094320/escape-first-alchemist?utm_source=github,online,2023,500+
3363680,EverSiege: Untold Ages,https://store.steampowered.com/app/3363680/,https://imho.run/games/3363680/eversiege-untold-ages?utm_source=github,online,2026,500+
1493750,Evil Dead: The Game,https://store.steampowered.com/app/1493750/,https://imho.run/games/1493750/evil-dead-the-game?utm_source=github,online,2023,500+
706020,Fade to Silence,https://store.steampowered.com/app/706020/,https://imho.run/games/706020/fade-to-silence?utm_source=github,online,2019,500+
397060,Faeria,https://store.steampowered.com/app/397060/,https://imho.run/games/397060/faeria?utm_source=github,online,2017,500+
252690,Fantasy Grounds Classic,https://store.steampowered.com/app/252690/,https://imho.run/games/252690/fantasy-grounds-classic?utm_source=github,online,2014,500+
819500,Fear The Wolves,https://store.steampowered.com/app/819500/,https://imho.run/games/819500/fear-the-wolves?utm_source=github,online,2019,500+
1723780,Finnish Cottage Simulator,https://store.steampowered.com/app/1723780/,https://imho.run/games/1723780/finnish-cottage-simulator?utm_source=github,online,2024,500+
1669480,Firefighting Simulator: Ignite,https://store.steampowered.com/app/1669480/,https://imho.run/games/1669480/firefighting-simulator-ignite?utm_source=github,online,2025,500+
1094780,Fisher Online,https://store.steampowered.com/app/1094780/,https://imho.run/games/1094780/fisher-online?utm_source=github,online,2019,500+
3618030,Flock Around,https://store.steampowered.com/app/3618030/,https://imho.run/games/3618030/flock-around?utm_source=github,online,2026,500+
696220,Folklore Hunter,https://store.steampowered.com/app/696220/,https://imho.run/games/696220/folklore-hunter?utm_source=github,online,2026,500+
1316230,Force of Nature 2: Ghost Keeper,https://store.steampowered.com/app/1316230/,https://imho.run/games/1316230/force-of-nature-2-ghost-keeper?utm_source=github,online,2021,500+
580040,Formata,https://store.steampowered.com/app/580040/,https://imho.run/games/580040/formata?utm_source=github,online,2017,500+
3004100,FREEDOM WARS Remastered,https://store.steampowered.com/app/3004100/,https://imho.run/games/3004100/freedom-wars-remastered?utm_source=github,online,2025,500+
715400,Frozen Flame,https://store.steampowered.com/app/715400/,https://imho.run/games/715400/frozen-flame?utm_source=github,online,2022,500+
294160,Galcon 2: Galactic Conquest,https://store.steampowered.com/app/294160/,https://imho.run/games/294160/galcon-2-galactic-conquest?utm_source=github,online,2014,500+
409510,Genesis Online,https://store.steampowered.com/app/409510/,https://imho.run/games/409510/genesis-online?utm_source=github,online,2015,500+
2383990,Ghostbusters: Spirits Unleashed Ecto Edition,https://store.steampowered.com/app/2383990/,https://imho.run/games/2383990/ghostbusters-spirits-unleashed-ecto-edition?utm_source=github,online,2023,500+
2748340,Goblin Cleanup,https://store.steampowered.com/app/2748340/,https://imho.run/games/2748340/goblin-cleanup?utm_source=github,online,2025,500+
227480,God Mode,https://store.steampowered.com/app/227480/,https://imho.run/games/227480/god-mode?utm_source=github,online,2013,500+
928960,Godfall Ultimate Edition,https://store.steampowered.com/app/928960/,https://imho.run/games/928960/godfall-ultimate-edition?utm_source=github,online,2022,500+
1328990,Godsworn,https://store.steampowered.com/app/1328990/,https://imho.run/games/1328990/godsworn?utm_source=github,online,2024,500+
3213850,gogh: Focus with Your Avatar,https://store.steampowered.com/app/3213850/,https://imho.run/games/3213850/gogh-focus-with-your-avatar?utm_source=github,online,2025,500+
911430,Good Company,https://store.steampowered.com/app/911430/,https://imho.run/games/911430/good-company?utm_source=github,online,2022,500+
2627570,Goofy Gorillas,https://store.steampowered.com/app/2627570/,https://imho.run/games/2627570/goofy-gorillas?utm_source=github,online,2023,500+
3070520,Granny: Escape Together,https://store.steampowered.com/app/3070520/,https://imho.run/games/3070520/granny-escape-together?utm_source=github,online,2024,500+
1371690,GRAVEN,https://store.steampowered.com/app/1371690/,https://imho.run/games/1371690/graven?utm_source=github,online,2024,500+
241720,Guncraft,https://store.steampowered.com/app/241720/,https://imho.run/games/241720/guncraft?utm_source=github,online,2013,500+
469920,hackmud,https://store.steampowered.com/app/469920/,https://imho.run/games/469920/hackmud?utm_source=github,online,2016,500+
914260,HALF DEAD 2,https://store.steampowered.com/app/914260/,https://imho.run/games/914260/half-dead-2?utm_source=github,online,2019,500+
214830,Half Minute Hero: Super Mega Neo Climax Ultimate Boy,https://store.steampowered.com/app/214830/,https://imho.run/games/214830/half-minute-hero-super-mega-neo-climax-ultimate-boy?utm_source=github,online,2012,500+
1336560,Hashiriya Drifter-Online Drift Racing Multiplayer (DRIFT/DRAG/RACING),https://store.steampowered.com/app/1336560/,https://imho.run/games/1336560/hashiriya-drifter-online-drift-racing-multiplayer-drift-drag-racing?utm_source=github,online,2020,500+
331360,Heavy Metal Machines,https://store.steampowered.com/app/331360/,https://imho.run/games/331360/heavy-metal-machines?utm_source=github,online,2018,500+
227940,Heroes & Generals,https://store.steampowered.com/app/227940/,https://imho.run/games/227940/heroes-generals?utm_source=github,online,2016,500+
2504090,Heroes of Valor,https://store.steampowered.com/app/2504090/,https://imho.run/games/2504090/heroes-of-valor?utm_source=github,online,2025,500+
1356810,Hexarchy,https://store.steampowered.com/app/1356810/,https://imho.run/games/1356810/hexarchy?utm_source=github,online,2023,500+
731620,Hide Or Die,https://store.steampowered.com/app/731620/,https://imho.run/games/731620/hide-or-die?utm_source=github,online,2020,500+
2334220,Home Sweet Home : Online,https://store.steampowered.com/app/2334220/,https://imho.run/games/2334220/home-sweet-home-online?utm_source=github,online,2023,500+
1138640,Hometopia,https://store.steampowered.com/app/1138640/,https://imho.run/games/1138640/hometopia?utm_source=github,online,2025,500+
380220,Hover Junkers,https://store.steampowered.com/app/380220/,https://imho.run/games/380220/hover-junkers?utm_source=github,online,2016,500+
4173620,I Know a Guy: Shady Life Simulator,https://store.steampowered.com/app/4173620/,https://imho.run/games/4173620/i-know-a-guy-shady-life-simulator?utm_source=github,online,2026,500+
2647680,ICBM: Escalation,https://store.steampowered.com/app/2647680/,https://imho.run/games/2647680/icbm-escalation?utm_source=github,online,2024,500+
684200,Icons: Legacy Edition,https://store.steampowered.com/app/684200/,https://imho.run/games/684200/icons-legacy-edition?utm_source=github,online,2018,500+
2271930,IfSunSets,https://store.steampowered.com/app/2271930/,https://imho.run/games/2271930/ifsunsets?utm_source=github,online,2024,500+
754530,IL-2 Sturmovik: Cliffs of Dover Blitz Edition,https://store.steampowered.com/app/754530/,https://imho.run/games/754530/il-2-sturmovik-cliffs-of-dover-blitz-edition?utm_source=github,online,2017,500+
1858650,In Sink: A Co-op Escape Adventure,https://store.steampowered.com/app/1858650/,https://imho.run/games/1858650/in-sink-a-co-op-escape-adventure?utm_source=github,online,2024,500+
363360,Interstellar Rift,https://store.steampowered.com/app/363360/,https://imho.run/games/363360/interstellar-rift?utm_source=github,online,2020,500+
673560,IOSoccer,https://store.steampowered.com/app/673560/,https://imho.run/games/673560/iosoccer?utm_source=github,online,2018,500+
115120,Iron Brigade,https://store.steampowered.com/app/115120/,https://imho.run/games/115120/iron-brigade?utm_source=github,online,2012,500+
3710,Judge Dredd: Dredd vs. Death,https://store.steampowered.com/app/3710/,https://imho.run/games/3710/judge-dredd-dredd-vs-death?utm_source=github,online,2009,500+
979070,Just Die Already,https://store.steampowered.com/app/979070/,https://imho.run/games/979070/just-die-already?utm_source=github,online,2021,500+
611160,Karnage Chronicles,https://store.steampowered.com/app/611160/,https://imho.run/games/611160/karnage-chronicles?utm_source=github,online,2020,500+
1683340,Kayak VR: Mirage,https://store.steampowered.com/app/1683340/,https://imho.run/games/1683340/kayak-vr-mirage?utm_source=github,online,2022,500+
3720460,KEEP GAMBLING,https://store.steampowered.com/app/3720460/,https://imho.run/games/3720460/keep-gambling?utm_source=github,online,2025,500+
2357000,KILL IT WITH FIRE! 2,https://store.steampowered.com/app/2357000/,https://imho.run/games/2357000/kill-it-with-fire-2?utm_source=github,online,2025,500+
2118120,Kind Words 2 (lofi city pop),https://store.steampowered.com/app/2118120/,https://imho.run/games/2118120/kind-words-2-lofi-city-pop?utm_source=github,online,2024,500+
248630,Kingdoms Rise,https://store.steampowered.com/app/248630/,https://imho.run/games/248630/kingdoms-rise?utm_source=github,online,2013,500+
471660,Kingspray Graffiti VR,https://store.steampowered.com/app/471660/,https://imho.run/games/471660/kingspray-graffiti-vr?utm_source=github,online,2016,500+
2107090,KitHack Model Club,https://store.steampowered.com/app/2107090/,https://imho.run/games/2107090/kithack-model-club?utm_source=github,online,2024,500+
626680,Kreedz Climbing,https://store.steampowered.com/app/626680/,https://imho.run/games/626680/kreedz-climbing?utm_source=github,online,2017,500+
1687670,LAST CLOUDIA,https://store.steampowered.com/app/1687670/,https://imho.run/games/1687670/last-cloudia?utm_source=github,online,2021,500+
2626940,Life Makeover,https://store.steampowered.com/app/2626940/,https://imho.run/games/2626940/life-makeover?utm_source=github,online,2023,500+
1309610,Line War,https://store.steampowered.com/app/1309610/,https://imho.run/games/1309610/line-war?utm_source=github,online,2022,500+
2532550,LIZARDS MUST DIE,https://store.steampowered.com/app/2532550/,https://imho.run/games/2532550/lizards-must-die?utm_source=github,online,2023,500+
208090,Loadout,https://store.steampowered.com/app/208090/,https://imho.run/games/208090/loadout?utm_source=github,online,2014,500+
2545360,Lonely Mountains: Snow Riders,https://store.steampowered.com/app/2545360/,https://imho.run/games/2545360/lonely-mountains-snow-riders?utm_source=github,online,2025,500+
3494520,Lost Rift,https://store.steampowered.com/app/3494520/,https://imho.run/games/3494520/lost-rift?utm_source=github,online,2025,500+
2987800,Madoka Magica Magia Exedra,https://store.steampowered.com/app/2987800/,https://imho.run/games/2987800/madoka-magica-magia-exedra?utm_source=github,online,2025,500+
316010,Magic Duels,https://store.steampowered.com/app/316010/,https://imho.run/games/316010/magic-duels?utm_source=github,online,2015,500+
49470,Magic: The Gathering - Duels of the Planeswalkers 2012,https://store.steampowered.com/app/49470/,https://imho.run/games/49470/magic-the-gathering-duels-of-the-planeswalkers-2012?utm_source=github,online,2011,500+
1078920,Main Assembly,https://store.steampowered.com/app/1078920/,https://imho.run/games/1078920/main-assembly?utm_source=github,online,2021,500+
2918310,Mama's Sleeping Angels,https://store.steampowered.com/app/2918310/,https://imho.run/games/2918310/mama-s-sleeping-angels?utm_source=github,online,2026,500+
598960,Mashinky,https://store.steampowered.com/app/598960/,https://imho.run/games/598960/mashinky?utm_source=github,online,2018,500+
2926900,MAVRIX by Matt Jones,https://store.steampowered.com/app/2926900/,https://imho.run/games/2926900/mavrix-by-matt-jones?utm_source=github,online,2026,500+
5027520,Megastore: Tidy Up Together,https://store.steampowered.com/app/5027520/,https://imho.run/games/5027520/megastore-tidy-up-together?utm_source=github,online,2026,500+
496810,MegaTagmension Blanc + Neptune VS Zombies (Neptunia),https://store.steampowered.com/app/496810/,https://imho.run/games/496810/megatagmension-blanc-neptune-vs-zombies-neptunia?utm_source=github,online,2016,500+
644290,MEMORIES OF MARS,https://store.steampowered.com/app/644290/,https://imho.run/games/644290/memories-of-mars?utm_source=github,online,2020,500+
2963870,Metal Slug: Awakening,https://store.steampowered.com/app/2963870/,https://imho.run/games/2963870/metal-slug-awakening?utm_source=github,online,2024,500+
3224420,Milky Way Idle,https://store.steampowered.com/app/3224420/,https://imho.run/games/3224420/milky-way-idle?utm_source=github,online,2025,500+
3511030,Mini Cozy Room: Lo-Fi,https://store.steampowered.com/app/3511030/,https://imho.run/games/3511030/mini-cozy-room-lo-fi?utm_source=github,online,2025,500+
814480,Mini World: CREATA,https://store.steampowered.com/app/814480/,https://imho.run/games/814480/mini-world-creata?utm_source=github,online,2018,500+
1259440,Mist Legacy,https://store.steampowered.com/app/1259440/,https://imho.run/games/1259440/mist-legacy?utm_source=github,online,2022,500+
3144230,Modern Warships,https://store.steampowered.com/app/3144230/,https://imho.run/games/3144230/modern-warships?utm_source=github,online,2026,500+
63200,Monday Night Combat,https://store.steampowered.com/app/63200/,https://imho.run/games/63200/monday-night-combat?utm_source=github,online,2011,500+
574090,MOTHERGUNSHIP,https://store.steampowered.com/app/574090/,https://imho.run/games/574090/mothergunship?utm_source=github,online,2018,500+
1004270,My Island,https://store.steampowered.com/app/1004270/,https://imho.run/games/1004270/my-island?utm_source=github,online,2024,500+
290730,My Lands: Black Gem Hunting,https://store.steampowered.com/app/290730/,https://imho.run/games/290730/my-lands-black-gem-hunting?utm_source=github,online,2014,500+
839910,Mythgard,https://store.steampowered.com/app/839910/,https://imho.run/games/839910/mythgard?utm_source=github,online,2020,500+
3044350,Nazi Zombies,https://store.steampowered.com/app/3044350/,https://imho.run/games/3044350/nazi-zombies?utm_source=github,online,2026,500+
853450,Nevergrind Online,https://store.steampowered.com/app/853450/,https://imho.run/games/853450/nevergrind-online?utm_source=github,online,2024,500+
1983990,Nexus 5X,https://store.steampowered.com/app/1983990/,https://imho.run/games/1983990/nexus-5x?utm_source=github,online,2024,500+
1674010,Nin Online,https://store.steampowered.com/app/1674010/,https://imho.run/games/1674010/nin-online?utm_source=github,online,2025,500+
544390,NITE Team 4 - Military Hacking Division,https://store.steampowered.com/app/544390/,https://imho.run/games/544390/nite-team-4-military-hacking-division?utm_source=github,online,2019,500+
3894440,NO BACKUP,https://store.steampowered.com/app/3894440/,https://imho.run/games/3894440/no-backup?utm_source=github,online,2026,500+
550470,NosTale - Anime MMORPG,https://store.steampowered.com/app/550470/,https://imho.run/games/550470/nostale-anime-mmorpg?utm_source=github,online,2017,500+
943150,Nostos,https://store.steampowered.com/app/943150/,https://imho.run/games/943150/nostos?utm_source=github,online,2019,500+
1762270,Obama Boss Fight,https://store.steampowered.com/app/1762270/,https://imho.run/games/1762270/obama-boss-fight?utm_source=github,online,2021,500+
1708460,Obsideo,https://store.steampowered.com/app/1708460/,https://imho.run/games/1708460/obsideo?utm_source=github,online,2021,500+
2878420,Old Market Simulator,https://store.steampowered.com/app/2878420/,https://imho.run/games/2878420/old-market-simulator?utm_source=github,online,2024,500+
3707400,On-Together: Virtual Co-Working,https://store.steampowered.com/app/3707400/,https://imho.run/games/3707400/on-together-virtual-co-working?utm_source=github,online,2026,500+
3560670,OpenFront,https://store.steampowered.com/app/3560670/,https://imho.run/games/3560670/openfront?utm_source=github,online,2026,500+
1377150,Operation: Tango - Friend Pass,https://store.steampowered.com/app/1377150/,https://imho.run/games/1377150/operation-tango-friend-pass?utm_source=github,online,2020,500+
1540560,Operator,https://store.steampowered.com/app/1540560/,https://imho.run/games/1540560/operator?utm_source=github,online,2021,500+
4210580,Ore Factory Squad ⛏️,https://store.steampowered.com/app/4210580/,https://imho.run/games/4210580/ore-factory-squad?utm_source=github,online,2026,500+
2467810,Orebound,https://store.steampowered.com/app/2467810/,https://imho.run/games/2467810/orebound?utm_source=github,online,2024,500+
357310,Oriental Empires,https://store.steampowered.com/app/357310/,https://imho.run/games/357310/oriental-empires?utm_source=github,online,2017,500+
235320,Original War,https://store.steampowered.com/app/235320/,https://imho.run/games/235320/original-war?utm_source=github,online,2014,500+
451840,Out of Ammo,https://store.steampowered.com/app/451840/,https://imho.run/games/451840/out-of-ammo?utm_source=github,online,2016,500+
1190150,Paint Warfare,https://store.steampowered.com/app/1190150/,https://imho.run/games/1190150/paint-warfare?utm_source=github,online,2022,500+
1592290,PARANOIA PLACE,https://store.steampowered.com/app/1592290/,https://imho.run/games/1592290/paranoia-place?utm_source=github,online,2025,500+
2197890,Paranormal Cleanup,https://store.steampowered.com/app/2197890/,https://imho.run/games/2197890/paranormal-cleanup?utm_source=github,online,2025,500+
3058360,Parisian Bistro Simulator,https://store.steampowered.com/app/3058360/,https://imho.run/games/3058360/parisian-bistro-simulator?utm_source=github,online,2026,500+
1048100,Peekaboo,https://store.steampowered.com/app/1048100/,https://imho.run/games/1048100/peekaboo?utm_source=github,online,2019,500+
288140,Perfect Golf,https://store.steampowered.com/app/288140/,https://imho.run/games/288140/perfect-golf?utm_source=github,online,2016,500+
385380,Planet Centauri,https://store.steampowered.com/app/385380/,https://imho.run/games/385380/planet-centauri?utm_source=github,online,2024,500+
3198850,Play Together,https://store.steampowered.com/app/3198850/,https://imho.run/games/3198850/play-together?utm_source=github,online,2025,500+
235340,Prime World,https://store.steampowered.com/app/235340/,https://imho.run/games/235340/prime-world?utm_source=github,online,2014,500+
798420,Professional Fishing,https://store.steampowered.com/app/798420/,https://imho.run/games/798420/professional-fishing?utm_source=github,online,2018,500+
299970,Project Motor Racing,https://store.steampowered.com/app/299970/,https://imho.run/games/299970/project-motor-racing?utm_source=github,online,2025,500+
1461600,Project Sparrow,https://store.steampowered.com/app/1461600/,https://imho.run/games/1461600/project-sparrow?utm_source=github,online,2022,500+
1682050,PropHunter,https://store.steampowered.com/app/1682050/,https://imho.run/games/1682050/prophunter?utm_source=github,online,2021,500+
797400,Railroad Corporation,https://store.steampowered.com/app/797400/,https://imho.run/games/797400/railroad-corporation?utm_source=github,online,2019,500+
1218740,Rakion Chaos Force,https://store.steampowered.com/app/1218740/,https://imho.run/games/1218740/rakion-chaos-force?utm_source=github,online,2020,500+
2949320,Ratatan,https://store.steampowered.com/app/2949320/,https://imho.run/games/2949320/ratatan?utm_source=github,online,2025,500+
823950,Re:Legend,https://store.steampowered.com/app/823950/,https://imho.run/games/823950/re-legend?utm_source=github,online,2022,500+
547860,Rend,https://store.steampowered.com/app/547860/,https://imho.run/games/547860/rend?utm_source=github,online,2019,500+
2870920,Restaurats,https://store.steampowered.com/app/2870920/,https://imho.run/games/2870920/restaurats?utm_source=github,online,2025,500+
3977290,Rewind 99,https://store.steampowered.com/app/3977290/,https://imho.run/games/3977290/rewind-99?utm_source=github,online,2026,500+
2282790,RIFTSTORM,https://store.steampowered.com/app/2282790/,https://imho.run/games/2282790/riftstorm?utm_source=github,online,2026,500+
1558830,RIPOUT,https://store.steampowered.com/app/1558830/,https://imho.run/games/1558830/ripout?utm_source=github,online,2024,500+
1187510,Rock Simulator,https://store.steampowered.com/app/1187510/,https://imho.run/games/1187510/rock-simulator?utm_source=github,online,2019,500+
2962300,Royal Quest Online,https://store.steampowered.com/app/2962300/,https://imho.run/games/2962300/royal-quest-online?utm_source=github,online,2024,500+
808290,Runes of Magic,https://store.steampowered.com/app/808290/,https://imho.run/games/808290/runes-of-magic?utm_source=github,online,2018,500+
1494840,Scoot,https://store.steampowered.com/app/1494840/,https://imho.run/games/1494840/scoot?utm_source=github,online,2020,500+
2582140,Seafarer: The Ship Sim,https://store.steampowered.com/app/2582140/,https://imho.run/games/2582140/seafarer-the-ship-sim?utm_source=github,online,2026,500+
3111080,Secret Agent Wizard Boy and the International Crime Syndicate,https://store.steampowered.com/app/3111080/,https://imho.run/games/3111080/secret-agent-wizard-boy-and-the-international-crime-syndicate?utm_source=github,online,2025,500+
1252680,SENTRY,https://store.steampowered.com/app/1252680/,https://imho.run/games/1252680/sentry?utm_source=github,online,2024,500+
2436940,Sephiria,https://store.steampowered.com/app/2436940/,https://imho.run/games/2436940/sephiria?utm_source=github,online,2025,500+
465240,Serious Sam VR: The Last Hope,https://store.steampowered.com/app/465240/,https://imho.run/games/465240/serious-sam-vr-the-last-hope?utm_source=github,online,2017,500+
2067210,Serious Sam: Shatterverse,https://store.steampowered.com/app/2067210/,https://imho.run/games/2067210/serious-sam-shatterverse?utm_source=github,online,2026,500+
267750,Shadowrun Chronicles - Boston Lockdown,https://store.steampowered.com/app/267750/,https://imho.run/games/267750/shadowrun-chronicles-boston-lockdown?utm_source=github,online,2015,500+
3275270,Shape of Dreams: Prologue,https://store.steampowered.com/app/3275270/,https://imho.run/games/3275270/shape-of-dreams-prologue?utm_source=github,online,2024,500+
330580,Shark Attack Deathmatch 2,https://store.steampowered.com/app/330580/,https://imho.run/games/330580/shark-attack-deathmatch-2?utm_source=github,online,2019,500+
684580,Shoppe Keep 2,https://store.steampowered.com/app/684580/,https://imho.run/games/684580/shoppe-keep-2?utm_source=github,online,2019,500+
1346070,Sign of Silence,https://store.steampowered.com/app/1346070/,https://imho.run/games/1346070/sign-of-silence?utm_source=github,online,2020,500+
2796180,SILENT BREATH,https://store.steampowered.com/app/2796180/,https://imho.run/games/2796180/silent-breath?utm_source=github,online,2024,500+
3674050,Silly's Gameshow,https://store.steampowered.com/app/3674050/,https://imho.run/games/3674050/silly-s-gameshow?utm_source=github,online,2025,500+
1422130,SimRail - The Railway Simulator,https://store.steampowered.com/app/1422130/,https://imho.run/games/1422130/simrail-the-railway-simulator?utm_source=github,online,2024,500+
4227400,Sineus Arena Survivors,https://store.steampowered.com/app/4227400/,https://imho.run/games/4227400/sineus-arena-survivors?utm_source=github,online,2026,500+
1240590,Sir Whoopass™: Immortal Death,https://store.steampowered.com/app/1240590/,https://imho.run/games/1240590/sir-whoopass-immortal-death?utm_source=github,online,2022,500+
508550,Sneak Thief,https://store.steampowered.com/app/508550/,https://imho.run/games/508550/sneak-thief?utm_source=github,online,2022,500+
485610,Soccer Online: Ball 3D,https://store.steampowered.com/app/485610/,https://imho.run/games/485610/soccer-online-ball-3d?utm_source=github,online,2017,500+
670260,Solace Crafting,https://store.steampowered.com/app/670260/,https://imho.run/games/670260/solace-crafting?utm_source=github,online,2022,500+
2195410,Songs of Silence,https://store.steampowered.com/app/2195410/,https://imho.run/games/2195410/songs-of-silence?utm_source=github,online,2024,500+
1154040,SpellForce 3 Fallen God,https://store.steampowered.com/app/1154040/,https://imho.run/games/1154040/spellforce-3-fallen-god?utm_source=github,online,2020,500+
817540,SpellForce 3 Soul Harvest,https://store.steampowered.com/app/817540/,https://imho.run/games/817540/spellforce-3-soul-harvest?utm_source=github,online,2019,500+
1416260,SpellForce 3 Versus Edition,https://store.steampowered.com/app/1416260/,https://imho.run/games/1416260/spellforce-3-versus-edition?utm_source=github,online,2020,500+
1592110,Spirit of the Island,https://store.steampowered.com/app/1592110/,https://imho.run/games/1592110/spirit-of-the-island?utm_source=github,online,2022,500+
269170,Sports Bar VR,https://store.steampowered.com/app/269170/,https://imho.run/games/269170/sports-bar-vr?utm_source=github,online,2016,500+
2977620,Squirreled Away,https://store.steampowered.com/app/2977620/,https://imho.run/games/2977620/squirreled-away?utm_source=github,online,2025,500+
748370,STAND OUT VR : VR Battle Royale,https://store.steampowered.com/app/748370/,https://imho.run/games/748370/stand-out-vr-vr-battle-royale?utm_source=github,online,2019,500+
282590,Star Ruler 2,https://store.steampowered.com/app/282590/,https://imho.run/games/282590/star-ruler-2?utm_source=github,online,2015,500+
420790,StarBreak,https://store.steampowered.com/app/420790/,https://imho.run/games/420790/starbreak?utm_source=github,online,2016,500+
623340,Stars End,https://store.steampowered.com/app/623340/,https://imho.run/games/623340/stars-end?utm_source=github,online,2023,500+
711980,Starship EVO,https://store.steampowered.com/app/711980/,https://imho.run/games/711980/starship-evo?utm_source=github,online,2020,500+
466660,Stash,https://store.steampowered.com/app/466660/,https://imho.run/games/466660/stash?utm_source=github,online,2017,500+
455120,Stay Close,https://store.steampowered.com/app/455120/,https://imho.run/games/455120/stay-close?utm_source=github,online,2016,500+
386010,Steambirds Alliance,https://store.steampowered.com/app/386010/,https://imho.run/games/386010/steambirds-alliance?utm_source=github,online,2019,500+
1425980,Stone Simulator – Just Be a Rock,https://store.steampowered.com/app/1425980/,https://imho.run/games/1425980/stone-simulator-just-be-a-rock?utm_source=github,online,2025,500+
3125250,STORROR Parkour Pro,https://store.steampowered.com/app/3125250/,https://imho.run/games/3125250/storror-parkour-pro?utm_source=github,online,2025,500+
352700,Subspace Continuum,https://store.steampowered.com/app/352700/,https://imho.run/games/352700/subspace-continuum?utm_source=github,online,2015,500+
1341230,Super Buckyball Tournament Preseason,https://store.steampowered.com/app/1341230/,https://imho.run/games/1341230/super-buckyball-tournament-preseason?utm_source=github,online,2020,500+
1770080,Superfuse,https://store.steampowered.com/app/1770080/,https://imho.run/games/1770080/superfuse?utm_source=github,online,2023,500+
3454830,SurfsUp,https://store.steampowered.com/app/3454830/,https://imho.run/games/3454830/surfsup?utm_source=github,online,2025,500+
1375740,Surviv.io - 2D Battle Royale,https://store.steampowered.com/app/1375740/,https://imho.run/games/1375740/surviv-io-2d-battle-royale?utm_source=github,online,2020,500+
1858630,SWORD ART ONLINE Fractured Daydream,https://store.steampowered.com/app/1858630/,https://imho.run/games/1858630/sword-art-online-fractured-daydream?utm_source=github,online,2024,500+
638650,Sword Art Online Re: Hollow Fragment,https://store.steampowered.com/app/638650/,https://imho.run/games/638650/sword-art-online-re-hollow-fragment?utm_source=github,online,2018,500+
840720,Sword Art Online: Lost Song,https://store.steampowered.com/app/840720/,https://imho.run/games/840720/sword-art-online-lost-song?utm_source=github,online,2018,500+
2782500,SWORD OF JUSTICE,https://store.steampowered.com/app/2782500/,https://imho.run/games/2782500/sword-of-justice?utm_source=github,online,2025,500+
810040,Swords 'n Magic and Stuff,https://store.steampowered.com/app/810040/,https://imho.run/games/810040/swords-n-magic-and-stuff?utm_source=github,online,2020,500+
833090,Swords of Gurrah,https://store.steampowered.com/app/833090/,https://imho.run/games/833090/swords-of-gurrah?utm_source=github,online,2020,500+
587860,Tales of Escape,https://store.steampowered.com/app/587860/,https://imho.run/games/587860/tales-of-escape?utm_source=github,online,2017,500+
418180,Tempest: Pirate Action RPG,https://store.steampowered.com/app/418180/,https://imho.run/games/418180/tempest-pirate-action-rpg?utm_source=github,online,2016,500+
2290000,TerraScape,https://store.steampowered.com/app/2290000/,https://imho.run/games/2290000/terrascape?utm_source=github,online,2024,500+
1120480,The Anacrusis,https://store.steampowered.com/app/1120480/,https://imho.run/games/1120480/the-anacrusis?utm_source=github,online,2023,500+
1889640,The Backrooms: Survival,https://store.steampowered.com/app/1889640/,https://imho.run/games/1889640/the-backrooms-survival?utm_source=github,online,2023,500+
2230170,The Cenozoic Era,https://store.steampowered.com/app/2230170/,https://imho.run/games/2230170/the-cenozoic-era?utm_source=github,online,2023,500+
677340,The Colonists,https://store.steampowered.com/app/677340/,https://imho.run/games/677340/the-colonists?utm_source=github,online,2018,500+
2242760,The Escape: Together,https://store.steampowered.com/app/2242760/,https://imho.run/games/2242760/the-escape-together?utm_source=github,online,2023,500+
3412160,The House Always Wins,https://store.steampowered.com/app/3412160/,https://imho.run/games/3412160/the-house-always-wins?utm_source=github,online,2026,500+
272470,The Incredible Adventures of Van Helsing II,https://store.steampowered.com/app/272470/,https://imho.run/games/272470/the-incredible-adventures-of-van-helsing-ii?utm_source=github,online,2014,500+
400170,The Incredible Adventures of Van Helsing: Final Cut,https://store.steampowered.com/app/400170/,https://imho.run/games/400170/the-incredible-adventures-of-van-helsing-final-cut?utm_source=github,online,2015,500+
1766100,The Last Hero of Nostalgaia,https://store.steampowered.com/app/1766100/,https://imho.run/games/1766100/the-last-hero-of-nostalgaia?utm_source=github,online,2022,500+
1564600,The Last Plague: Blight,https://store.steampowered.com/app/1564600/,https://imho.run/games/1564600/the-last-plague-blight?utm_source=github,online,2024,500+
509580,The Lord of the Rings: Adventure Card Game - Definitive Edition,https://store.steampowered.com/app/509580/,https://imho.run/games/509580/the-lord-of-the-rings-adventure-card-game-definitive-edition?utm_source=github,online,2019,500+
1501310,The Ranchers,https://store.steampowered.com/app/1501310/,https://imho.run/games/1501310/the-ranchers?utm_source=github,online,2026,500+
265590,The Red Solstice,https://store.steampowered.com/app/265590/,https://imho.run/games/265590/the-red-solstice?utm_source=github,online,2015,500+
3338950,The Scouring,https://store.steampowered.com/app/3338950/,https://imho.run/games/3338950/the-scouring?utm_source=github,online,2025,500+
3341000,Thick As Thieves,https://store.steampowered.com/app/3341000/,https://imho.run/games/3341000/thick-as-thieves?utm_source=github,online,2026,500+
2617700,Tinkerlands,https://store.steampowered.com/app/2617700/,https://imho.run/games/2617700/tinkerlands?utm_source=github,online,2025,500+
1276660,Tinkertown,https://store.steampowered.com/app/1276660/,https://imho.run/games/1276660/tinkertown?utm_source=github,online,2023,500+
509250,TO THE TOP,https://store.steampowered.com/app/509250/,https://imho.run/games/509250/to-the-top?utm_source=github,online,2017,500+
756530,TOKYO GHOUL:re [CALL to EXIST],https://store.steampowered.com/app/756530/,https://imho.run/games/756530/tokyo-ghoul-re-call-to-exist?utm_source=github,online,2019,500+
4517460,Total Football Online,https://store.steampowered.com/app/4517460/,https://imho.run/games/4517460/total-football-online?utm_source=github,online,2026,500+
347600,Total Miner,https://store.steampowered.com/app/347600/,https://imho.run/games/347600/total-miner?utm_source=github,online,2017,500+
551730,Toukiden 2,https://store.steampowered.com/app/551730/,https://imho.run/games/551730/toukiden-2?utm_source=github,online,2017,500+
214360,Tower Wars,https://store.steampowered.com/app/214360/,https://imho.run/games/214360/tower-wars?utm_source=github,online,2012,500+
2176130,Tower! Simulator 3,https://store.steampowered.com/app/2176130/,https://imho.run/games/2176130/tower-simulator-3?utm_source=github,online,2022,500+
588190,Tower!3D Pro,https://store.steampowered.com/app/588190/,https://imho.run/games/588190/tower-3d-pro?utm_source=github,online,2017,500+
2458830,Towerborne,https://store.steampowered.com/app/2458830/,https://imho.run/games/2458830/towerborne?utm_source=github,online,2026,500+
2178070,Towers of Aghasba,https://store.steampowered.com/app/2178070/,https://imho.run/games/2178070/towers-of-aghasba?utm_source=github,online,2024,500+
1784570,Trainz Railroad Simulator 2022,https://store.steampowered.com/app/1784570/,https://imho.run/games/1784570/trainz-railroad-simulator-2022?utm_source=github,online,2022,500+
1497640,Traitors in Salem,https://store.steampowered.com/app/1497640/,https://imho.run/games/1497640/traitors-in-salem?utm_source=github,online,2022,500+
1591290,Tree Simulator 2022,https://store.steampowered.com/app/1591290/,https://imho.run/games/1591290/tree-simulator-2022?utm_source=github,online,2021,500+
873840,Truck & Logistics Simulator,https://store.steampowered.com/app/873840/,https://imho.run/games/873840/truck-logistics-simulator?utm_source=github,online,2023,500+
277930,TUG,https://store.steampowered.com/app/277930/,https://imho.run/games/277930/tug?utm_source=github,online,2014,500+
4934370,TV Archive: Tidy Up Together,https://store.steampowered.com/app/4934370/,https://imho.run/games/4934370/tv-archive-tidy-up-together?utm_source=github,online,2026,500+
1136380,Ultimate Fishing® Simulator 2,https://store.steampowered.com/app/1136380/,https://imho.run/games/1136380/ultimate-fishing-simulator-2?utm_source=github,online,2025,500+
915460,ULTIMATE HARDBASS DEFENCE,https://store.steampowered.com/app/915460/,https://imho.run/games/915460/ultimate-hardbass-defence?utm_source=github,online,2019,500+
321270,UNLOVED,https://store.steampowered.com/app/321270/,https://imho.run/games/321270/unloved?utm_source=github,online,2016,500+
1886070,USAC: Code Breach,https://store.steampowered.com/app/1886070/,https://imho.run/games/1886070/usac-code-breach?utm_source=github,online,2022,500+
3196440,Vacation Cafe Simulator,https://store.steampowered.com/app/3196440/,https://imho.run/games/3196440/vacation-cafe-simulator?utm_source=github,online,2026,500+
2191500,Vampires: Bloodlord Rising,https://store.steampowered.com/app/2191500/,https://imho.run/games/2191500/vampires-bloodlord-rising?utm_source=github,online,2026,500+
1608400,Vermillion - VR Painting,https://store.steampowered.com/app/1608400/,https://imho.run/games/1608400/vermillion-vr-painting?utm_source=github,online,2021,500+
1264520,Vibrant Venture,https://store.steampowered.com/app/1264520/,https://imho.run/games/1264520/vibrant-venture?utm_source=github,online,2020,500+
334540,Vox Machinae,https://store.steampowered.com/app/334540/,https://imho.run/games/334540/vox-machinae?utm_source=github,online,2022,500+
1101790,War Mongrels,https://store.steampowered.com/app/1101790/,https://imho.run/games/1101790/war-mongrels?utm_source=github,online,2021,500+
880850,War Rock,https://store.steampowered.com/app/880850/,https://imho.run/games/880850/war-rock?utm_source=github,online,2019,500+
3142050,Warborne Above Ashes,https://store.steampowered.com/app/3142050/,https://imho.run/games/3142050/warborne-above-ashes?utm_source=github,online,2025,500+
502370,"Warhammer 40,000: Sanctus Reach (Classic)",https://store.steampowered.com/app/502370/,https://imho.run/games/502370/warhammer-40-000-sanctus-reach-classic?utm_source=github,online,2017,500+
20570,"Warhammer® 40,000: Dawn of War® II Chaos Rising",https://store.steampowered.com/app/20570/,https://imho.run/games/20570/warhammer-40-000-dawn-of-war-ii-chaos-rising?utm_source=github,online,2010,500+
379210,Wayward,https://store.steampowered.com/app/379210/,https://imho.run/games/379210/wayward?utm_source=github,online,2016,500+
264160,WazHack,https://store.steampowered.com/app/264160/,https://imho.run/games/264160/wazhack?utm_source=github,online,2014,500+
4796830,WE ARE SO DEAD,https://store.steampowered.com/app/4796830/,https://imho.run/games/4796830/we-are-so-dead?utm_source=github,online,2026,500+
1570330,West Hunt,https://store.steampowered.com/app/1570330/,https://imho.run/games/1570330/west-hunt?utm_source=github,online,2023,500+
3832630,Wheelchair Wizards,https://store.steampowered.com/app/3832630/,https://imho.run/games/3832630/wheelchair-wizards?utm_source=github,online,2025,500+
503350,White Noise 2,https://store.steampowered.com/app/503350/,https://imho.run/games/503350/white-noise-2?utm_source=github,online,2017,500+
3533100,Wrap House Simulator🌯,https://store.steampowered.com/app/3533100/,https://imho.run/games/3533100/wrap-house-simulator?utm_source=github,online,2025,500+
1462810,WRC 10 FIA World Rally Championship,https://store.steampowered.com/app/1462810/,https://imho.run/games/1462810/wrc-10-fia-world-rally-championship?utm_source=github,online,2021,500+
3399950,Your Mother,https://store.steampowered.com/app/3399950/,https://imho.run/games/3399950/your-mother?utm_source=github,online,2025,500+
1605850,ZeroSpace,https://store.steampowered.com/app/1605850/,https://imho.run/games/1605850/zerospace?utm_source=github,online,2026,500+
3319700,新世界：暗影成双,https://store.steampowered.com/app/3319700/,https://imho.run/games/3319700/game?utm_source=github,online,2026,500+
253230,A Hat in Time,https://store.steampowered.com/app/253230/,https://imho.run/games/253230/a-hat-in-time?utm_source=github,local,2017,20k+
1942280,Brotato,https://store.steampowered.com/app/1942280/,https://imho.run/games/1942280/brotato?utm_source=github,local,2023,20k+
1313140,Cult of the Lamb,https://store.steampowered.com/app/1313140/,https://imho.run/games/1313140/cult-of-the-lamb?utm_source=github,local,2022,20k+
268910,Cuphead,https://store.steampowered.com/app/268910/,https://imho.run/games/268910/cuphead?utm_source=github,local,2017,20k+
477160,Human Fall Flat,https://store.steampowered.com/app/477160/,https://imho.run/games/477160/human-fall-flat?utm_source=github,local,2016,20k+
920210,LEGO® Star Wars™: The Skywalker Saga,https://store.steampowered.com/app/920210/,https://imho.run/games/920210/lego-star-wars-the-skywalker-saga?utm_source=github,local,2022,20k+
2231450,Pizza Tower,https://store.steampowered.com/app/2231450/,https://imho.run/games/2231450/pizza-tower?utm_source=github,local,2023,20k+
383980,Rivals of Aether,https://store.steampowered.com/app/383980/,https://imho.run/games/383980/rivals-of-aether?utm_source=github,local,2017,20k+
332570,Amazing Frog?,https://store.steampowered.com/app/332570/,https://imho.run/games/332570/amazing-frog?utm_source=github,local,2014,5k+
12900,AudioSurf,https://store.steampowered.com/app/12900/,https://imho.run/games/12900/audiosurf?utm_source=github,local,2008,5k+
960990,Beyond: Two Souls,https://store.steampowered.com/app/960990/,https://imho.run/games/960990/beyond-two-souls?utm_source=github,local,2020,5k+
1321440,Cassette Beasts,https://store.steampowered.com/app/1321440/,https://imho.run/games/1321440/cassette-beasts?utm_source=github,local,2023,5k+
247080,Crypt of the NecroDancer,https://store.steampowered.com/app/247080/,https://imho.run/games/247080/crypt-of-the-necrodancer?utm_source=github,local,2015,5k+
252610,Death Road to Canada,https://store.steampowered.com/app/252610/,https://imho.run/games/252610/death-road-to-canada?utm_source=github,local,2016,5k+
373420,Divinity: Original Sin - Enhanced Edition,https://store.steampowered.com/app/373420/,https://imho.run/games/373420/divinity-original-sin-enhanced-edition?utm_source=github,local,2015,5k+
2300,DOOM II,https://store.steampowered.com/app/2300/,https://imho.run/games/2300/doom-ii?utm_source=github,local,2007,5k+
1106840,Hydroneer,https://store.steampowered.com/app/1106840/,https://imho.run/games/1106840/hydroneer?utm_source=github,local,2020,5k+
257850,Hyper Light Drifter,https://store.steampowered.com/app/257850/,https://imho.run/games/257850/hyper-light-drifter?utm_source=github,local,2016,5k+
1372110,JoJo's Bizarre Adventure: All-Star Battle R,https://store.steampowered.com/app/1372110/,https://imho.run/games/1372110/jojo-s-bizarre-adventure-all-star-battle-r?utm_source=github,local,2022,5k+
341800,Keep Talking and Nobody Explodes,https://store.steampowered.com/app/341800/,https://imho.run/games/341800/keep-talking-and-nobody-explodes?utm_source=github,local,2015,5k+
2215200,LEGO® Batman™: Legacy of the Dark Knight,https://store.steampowered.com/app/2215200/,https://imho.run/games/2215200/lego-batman-legacy-of-the-dark-knight?utm_source=github,local,2026,5k+
2140330,Madden NFL 24,https://store.steampowered.com/app/2140330/,https://imho.run/games/2140330/madden-nfl-24?utm_source=github,local,2023,5k+
488860,MADNESS: Project Nexus,https://store.steampowered.com/app/488860/,https://imho.run/games/488860/madness-project-nexus?utm_source=github,local,2021,5k+
242680,Nuclear Throne,https://store.steampowered.com/app/242680/,https://imho.run/games/242680/nuclear-throne?utm_source=github,local,2015,5k+
774181,Rhythm Doctor,https://store.steampowered.com/app/774181/,https://imho.run/games/774181/rhythm-doctor?utm_source=github,local,2025,5k+
300380,Road Redemption,https://store.steampowered.com/app/300380/,https://imho.run/games/300380/road-redemption?utm_source=github,local,2017,5k+
1244090,Sea of Stars,https://store.steampowered.com/app/1244090/,https://imho.run/games/1244090/sea-of-stars?utm_source=github,local,2023,5k+
34270,SEGA Mega Drive and Genesis Classics,https://store.steampowered.com/app/34270/,https://imho.run/games/34270/sega-mega-drive-and-genesis-classics?utm_source=github,local,2010,5k+
250760,Shovel Knight: Treasure Trove,https://store.steampowered.com/app/250760/,https://imho.run/games/250760/shovel-knight-treasure-trove?utm_source=github,local,2014,5k+
584400,Sonic Mania,https://store.steampowered.com/app/584400/,https://imho.run/games/584400/sonic-mania?utm_source=github,local,2017,5k+
239350,Spelunky,https://store.steampowered.com/app/239350/,https://imho.run/games/239350/spelunky?utm_source=github,local,2013,5k+
972660,Spiritfarer®: Farewell Edition,https://store.steampowered.com/app/972660/,https://imho.run/games/972660/spiritfarer-farewell-edition?utm_source=github,local,2020,5k+
2446550,STAR WARS™: Battlefront Classic Collection,https://store.steampowered.com/app/2446550/,https://imho.run/games/2446550/star-wars-battlefront-classic-collection?utm_source=github,local,2024,5k+
2085540,Stick It to the Stickman,https://store.steampowered.com/app/2085540/,https://imho.run/games/2085540/stick-it-to-the-stickman?utm_source=github,local,2026,5k+
1577120,The Quarry,https://store.steampowered.com/app/1577120/,https://imho.run/games/1577120/the-quarry?utm_source=github,local,2022,5k+
1147860,UFO 50,https://store.steampowered.com/app/1147860/,https://imho.run/games/1147860/ufo-50?utm_source=github,local,2024,5k+
837470,Untitled Goose Game,https://store.steampowered.com/app/837470/,https://imho.run/games/837470/untitled-goose-game?utm_source=github,local,2020,5k+
445980,Wizard of Legend,https://store.steampowered.com/app/445980/,https://imho.run/games/445980/wizard-of-legend?utm_source=github,local,2018,5k+
440310,AfterBeat (Project Arrhythmia),https://store.steampowered.com/app/440310/,https://imho.run/games/440310/afterbeat-project-arrhythmia?utm_source=github,local,2019,1k+
1296360,Archvale,https://store.steampowered.com/app/1296360/,https://imho.run/games/1296360/archvale?utm_source=github,local,2021,1k+
1280930,Astral Ascent,https://store.steampowered.com/app/1280930/,https://imho.run/games/1280930/astral-ascent?utm_source=github,local,2023,1k+
239800,Bleed,https://store.steampowered.com/app/239800/,https://imho.run/games/239800/bleed?utm_source=github,local,2013,1k+
468560,Blind Trust,https://store.steampowered.com/app/468560/,https://imho.run/games/468560/blind-trust?utm_source=github,local,2016,1k+
1968730,Bounty of One,https://store.steampowered.com/app/1968730/,https://imho.run/games/1968730/bounty-of-one?utm_source=github,local,2023,1k+
1515950,Capcom Arcade Stadium,https://store.steampowered.com/app/1515950/,https://imho.run/games/1515950/capcom-arcade-stadium?utm_source=github,local,2021,1k+
3483740,Cast n Chill,https://store.steampowered.com/app/3483740/,https://imho.run/games/3483740/cast-n-chill?utm_source=github,local,2025,1k+
914710,Cat Quest II,https://store.steampowered.com/app/914710/,https://imho.run/games/914710/cat-quest-ii?utm_source=github,local,2019,1k+
2305840,Cat Quest III,https://store.steampowered.com/app/2305840/,https://imho.run/games/2305840/cat-quest-iii?utm_source=github,local,2024,1k+
452060,Caveblazers,https://store.steampowered.com/app/452060/,https://imho.run/games/452060/caveblazers?utm_source=github,local,2017,1k+
1123450,Chicory: A Colorful Tale,https://store.steampowered.com/app/1123450/,https://imho.run/games/1123450/chicory-a-colorful-tale?utm_source=github,local,2021,1k+
375480,Chronicon,https://store.steampowered.com/app/375480/,https://imho.run/games/375480/chronicon?utm_source=github,local,2020,1k+
247020,"Cook, Serve, Delicious!",https://store.steampowered.com/app/247020/,https://imho.run/games/247020/cook-serve-delicious?utm_source=github,local,2013,1k+
386620,"Cook, Serve, Delicious! 2!!",https://store.steampowered.com/app/386620/,https://imho.run/games/386620/cook-serve-delicious-2?utm_source=github,local,2017,1k+
1000030,"Cook, Serve, Delicious! 3?!",https://store.steampowered.com/app/1000030/,https://imho.run/games/1000030/cook-serve-delicious-3?utm_source=github,local,2020,1k+
391730,Crashlands,https://store.steampowered.com/app/391730/,https://imho.run/games/391730/crashlands?utm_source=github,local,2016,1k+
941460,Death Trash,https://store.steampowered.com/app/941460/,https://imho.run/games/941460/death-trash?utm_source=github,local,2021,1k+
1266700,Destroy All Humans! 2 - Reprobed,https://store.steampowered.com/app/1266700/,https://imho.run/games/1266700/destroy-all-humans-2-reprobed?utm_source=github,local,2022,1k+
2255370,Directive 8020,https://store.steampowered.com/app/2255370/,https://imho.run/games/2255370/directive-8020?utm_source=github,local,2026,1k+
1038250,DIRT 5,https://store.steampowered.com/app/1038250/,https://imho.run/games/1038250/dirt-5?utm_source=github,local,2020,1k+
39160,Dungeon Siege III,https://store.steampowered.com/app/39160/,https://imho.run/games/39160/dungeon-siege-iii?utm_source=github,local,2011,1k+
3841510,DYNASTY WARRIORS 3: Complete Edition Remastered,https://store.steampowered.com/app/3841510/,https://imho.run/games/3841510/dynasty-warriors-3-complete-edition-remastered?utm_source=github,local,2026,1k+
278080,DYNASTY WARRIORS 8: Xtreme Legends Complete Edition,https://store.steampowered.com/app/278080/,https://imho.run/games/278080/dynasty-warriors-8-xtreme-legends-complete-edition?utm_source=github,local,2014,1k+
846770,DYSMANTLE,https://store.steampowered.com/app/846770/,https://imho.run/games/846770/dysmantle?utm_source=github,local,2021,1k+
4128400,eBaseball™: PRO SPIRIT,https://store.steampowered.com/app/4128400/,https://imho.run/games/4128400/ebaseball-pro-spirit?utm_source=github,local,2026,1k+
4560660,Eslabong,https://store.steampowered.com/app/4560660/,https://imho.run/games/4560660/eslabong?utm_source=github,local,2026,1k+
674520,Fight'N Rage,https://store.steampowered.com/app/674520/,https://imho.run/games/674520/fight-n-rage?utm_source=github,local,2017,1k+
534550,Guacamelee! 2,https://store.steampowered.com/app/534550/,https://imho.run/games/534550/guacamelee-2?utm_source=github,local,2018,1k+
275390,Guacamelee! Super Turbo Championship Edition,https://store.steampowered.com/app/275390/,https://imho.run/games/275390/guacamelee-super-turbo-championship-edition?utm_source=github,local,2014,1k+
322210,"Guns, Gore & Cannoli",https://store.steampowered.com/app/322210/,https://imho.run/games/322210/guns-gore-cannoli?utm_source=github,local,2015,1k+
2171690,Handshakes,https://store.steampowered.com/app/2171690/,https://imho.run/games/2171690/handshakes?utm_source=github,local,2023,1k+
983970,Haven,https://store.steampowered.com/app/983970/,https://imho.run/games/983970/haven?utm_source=github,local,2020,1k+
905340,Heave Ho,https://store.steampowered.com/app/905340/,https://imho.run/games/905340/heave-ho?utm_source=github,local,2019,1k+
1138850,Heavenly Bodies,https://store.steampowered.com/app/1138850/,https://imho.run/games/1138850/heavenly-bodies?utm_source=github,local,2021,1k+
1656780,Hero's Hour,https://store.steampowered.com/app/1656780/,https://imho.run/games/1656780/hero-s-hour?utm_source=github,local,2022,1k+
2719150,Holo X Break,https://store.steampowered.com/app/2719150/,https://imho.run/games/2719150/holo-x-break?utm_source=github,local,2024,1k+
598550,HUNTDOWN,https://store.steampowered.com/app/598550/,https://imho.run/games/598550/huntdown?utm_source=github,local,2021,1k+
1800730,I MAED A GAM3 W1TH Z0MB1ES 1N IT!!!1,https://store.steampowered.com/app/1800730/,https://imho.run/games/1800730/i-maed-a-gam3-w1th-z0mb1es-1n-it-1?utm_source=github,local,2021,1k+
421170,Indivisible,https://store.steampowered.com/app/421170/,https://imho.run/games/421170/indivisible?utm_source=github,local,2019,1k+
374190,Infernax,https://store.steampowered.com/app/374190/,https://imho.run/games/374190/infernax?utm_source=github,local,2022,1k+
2820820,Jotunnslayer: Hordes of Hel,https://store.steampowered.com/app/2820820/,https://imho.run/games/2820820/jotunnslayer-hordes-of-hel?utm_source=github,local,2025,1k+
1839880,King Of The Castle,https://store.steampowered.com/app/1839880/,https://imho.run/games/1839880/king-of-the-castle?utm_source=github,local,2023,1k+
1956040,Kingdom Eighties,https://store.steampowered.com/app/1956040/,https://imho.run/games/1956040/kingdom-eighties?utm_source=github,local,2023,1k+
1730680,Klonoa Phantasy Reverie Series,https://store.steampowered.com/app/1730680/,https://imho.run/games/1730680/klonoa-phantasy-reverie-series?utm_source=github,local,2022,1k+
373180,Kung Fury: Street Rage - Ultimate Edition,https://store.steampowered.com/app/373180/,https://imho.run/games/373180/kung-fury-street-rage-ultimate-edition?utm_source=github,local,2015,1k+
829110,LEGO® DC Super-Villains,https://store.steampowered.com/app/829110/,https://imho.run/games/829110/lego-dc-super-villains?utm_source=github,local,2018,1k+
32330,LEGO® Indiana Jones™: The Original Adventures,https://store.steampowered.com/app/32330/,https://imho.run/games/32330/lego-indiana-jones-the-original-adventures?utm_source=github,local,2009,1k+
647830,LEGO® Marvel Super Heroes 2,https://store.steampowered.com/app/647830/,https://imho.run/games/647830/lego-marvel-super-heroes-2?utm_source=github,local,2017,1k+
32510,LEGO® Star Wars™ III - The Clone Wars™,https://store.steampowered.com/app/32510/,https://imho.run/games/32510/lego-star-wars-iii-the-clone-wars?utm_source=github,local,2011,1k+
252110,Lovers in a Dangerous Spacetime,https://store.steampowered.com/app/252110/,https://imho.run/games/252110/lovers-in-a-dangerous-spacetime?utm_source=github,local,2015,1k+
1760250,Madden NFL 23,https://store.steampowered.com/app/1760250/,https://imho.run/games/1760250/madden-nfl-23?utm_source=github,local,2022,1k+
320040,Moon Hunters,https://store.steampowered.com/app/320040/,https://imho.run/games/320040/moon-hunters?utm_source=github,local,2016,1k+
237110,Mortal Kombat Komplete Edition,https://store.steampowered.com/app/237110/,https://imho.run/games/237110/mortal-kombat-komplete-edition?utm_source=github,local,2012,1k+
361300,Mother Russia Bleeds,https://store.steampowered.com/app/361300/,https://imho.run/games/361300/mother-russia-bleeds?utm_source=github,local,2016,1k+
230270,N++ (NPLUSPLUS),https://store.steampowered.com/app/230270/,https://imho.run/games/230270/n-nplusplus?utm_source=github,local,2016,1k+
295790,Never Alone (Kisima Ingitchuna),https://store.steampowered.com/app/295790/,https://imho.run/games/295790/never-alone-kisima-ingitchuna?utm_source=github,local,2014,1k+
1726190,No Straight Roads: Encore Edition,https://store.steampowered.com/app/1726190/,https://imho.run/games/1726190/no-straight-roads-encore-edition?utm_source=github,local,2021,1k+
960690,One Step From Eden,https://store.steampowered.com/app/960690/,https://imho.run/games/960690/one-step-from-eden?utm_source=github,local,2020,1k+
448510,Overcooked,https://store.steampowered.com/app/448510/,https://imho.run/games/448510/overcooked?utm_source=github,local,2016,1k+
25000,Overgrowth,https://store.steampowered.com/app/25000/,https://imho.run/games/25000/overgrowth?utm_source=github,local,2017,1k+
356570,Party Hard,https://store.steampowered.com/app/356570/,https://imho.run/games/356570/party-hard?utm_source=github,local,2015,1k+
1347970,Patch Quest,https://store.steampowered.com/app/1347970/,https://imho.run/games/1347970/patch-quest?utm_source=github,local,2023,1k+
3808690,Pathogenic,https://store.steampowered.com/app/3808690/,https://imho.run/games/3808690/pathogenic?utm_source=github,local,2026,1k+
572890,Pikuniku,https://store.steampowered.com/app/572890/,https://imho.run/games/572890/pikuniku?utm_source=github,local,2019,1k+
3654560,Plants vs. Zombies™: Replanted,https://store.steampowered.com/app/3654560/,https://imho.run/games/3654560/plants-vs-zombies-replanted?utm_source=github,local,2025,1k+
374040,Portal Knights,https://store.steampowered.com/app/374040/,https://imho.run/games/374040/portal-knights?utm_source=github,local,2017,1k+
1345820,Ragnarock,https://store.steampowered.com/app/1345820/,https://imho.run/games/1345820/ragnarock?utm_source=github,local,2021,1k+
242550,Rayman® Legends,https://store.steampowered.com/app/242550/,https://imho.run/games/242550/rayman-legends?utm_source=github,local,2013,1k+
382490,Relic Hunters Zero: Remix,https://store.steampowered.com/app/382490/,https://imho.run/games/382490/relic-hunters-zero-remix?utm_source=github,local,2015,1k+
1049320,River City Girls,https://store.steampowered.com/app/1049320/,https://imho.run/games/1049320/river-city-girls?utm_source=github,local,2019,1k+
434460,Rock of Ages 2: Bigger & Boulder™,https://store.steampowered.com/app/434460/,https://imho.run/games/434460/rock-of-ages-2-bigger-boulder?utm_source=github,local,2017,1k+
637670,Secret of Mana,https://store.steampowered.com/app/637670/,https://imho.run/games/637670/secret-of-mana?utm_source=github,local,2018,1k+
1154840,Shadow Empire,https://store.steampowered.com/app/1154840/,https://imho.run/games/1154840/shadow-empire?utm_source=github,local,2020,1k+
667600,Sky Force Reloaded,https://store.steampowered.com/app/667600/,https://imho.run/games/667600/sky-force-reloaded?utm_source=github,local,2017,1k+
2022670,SONIC SUPERSTARS,https://store.steampowered.com/app/2022670/,https://imho.run/games/2022670/sonic-superstars?utm_source=github,local,2023,1k+
535480,Sundered®: Eldritch Edition,https://store.steampowered.com/app/535480/,https://imho.run/games/535480/sundered-eldritch-edition?utm_source=github,local,2017,1k+
2414270,Sunderfolk,https://store.steampowered.com/app/2414270/,https://imho.run/games/2414270/sunderfolk?utm_source=github,local,2025,1k+
372360,Tales of Symphonia,https://store.steampowered.com/app/372360/,https://imho.run/games/372360/tales-of-symphonia?utm_source=github,local,2016,1k+
738540,Tales of Vesperia: Definitive Edition,https://store.steampowered.com/app/738540/,https://imho.run/games/738540/tales-of-vesperia-definitive-edition?utm_source=github,local,2019,1k+
1566200,Tape to Tape,https://store.steampowered.com/app/1566200/,https://imho.run/games/1566200/tape-to-tape?utm_source=github,local,2023,1k+
2223840,The Casting of Frank Stone™,https://store.steampowered.com/app/2223840/,https://imho.run/games/2223840/the-casting-of-frank-stone?utm_source=github,local,2024,1k+
1694600,THE HOUSE OF THE DEAD: Remake,https://store.steampowered.com/app/1694600/,https://imho.run/games/1694600/the-house-of-the-dead-remake?utm_source=github,local,2022,1k+
331670,The Jackbox Party Pack,https://store.steampowered.com/app/331670/,https://imho.run/games/331670/the-jackbox-party-pack?utm_source=github,local,2014,1k+
397460,The Jackbox Party Pack 2,https://store.steampowered.com/app/397460/,https://imho.run/games/397460/the-jackbox-party-pack-2?utm_source=github,local,2015,1k+
434170,The Jackbox Party Pack 3,https://store.steampowered.com/app/434170/,https://imho.run/games/434170/the-jackbox-party-pack-3?utm_source=github,local,2016,1k+
610180,The Jackbox Party Pack 4,https://store.steampowered.com/app/610180/,https://imho.run/games/610180/the-jackbox-party-pack-4?utm_source=github,local,2017,1k+
774461,The Jackbox Party Pack 5,https://store.steampowered.com/app/774461/,https://imho.run/games/774461/the-jackbox-party-pack-5?utm_source=github,local,2018,1k+
1005300,The Jackbox Party Pack 6,https://store.steampowered.com/app/1005300/,https://imho.run/games/1005300/the-jackbox-party-pack-6?utm_source=github,local,2019,1k+
1211630,The Jackbox Party Pack 7,https://store.steampowered.com/app/1211630/,https://imho.run/games/1211630/the-jackbox-party-pack-7?utm_source=github,local,2020,1k+
1552350,The Jackbox Party Pack 8,https://store.steampowered.com/app/1552350/,https://imho.run/games/1552350/the-jackbox-party-pack-8?utm_source=github,local,2021,1k+
368620,Timespinner,https://store.steampowered.com/app/368620/,https://imho.run/games/368620/timespinner?utm_source=github,local,2018,1k+
251470,TowerFall Ascension,https://store.steampowered.com/app/251470/,https://imho.run/games/251470/towerfall-ascension?utm_source=github,local,2014,1k+
1225570,Unravel Two,https://store.steampowered.com/app/1225570/,https://imho.run/games/1225570/unravel-two?utm_source=github,local,2020,1k+
1062110,UNSIGHTED,https://store.steampowered.com/app/1062110/,https://imho.run/games/1062110/unsighted?utm_source=github,local,2021,1k+
1318090,Vertigo Remastered,https://store.steampowered.com/app/1318090/,https://imho.run/games/1318090/vertigo-remastered?utm_source=github,local,2020,1k+
345180,Victor Vran ARPG,https://store.steampowered.com/app/345180/,https://imho.run/games/345180/victor-vran-arpg?utm_source=github,local,2015,1k+
1304680,Voidigo,https://store.steampowered.com/app/1304680/,https://imho.run/games/1304680/voidigo?utm_source=github,local,2023,1k+
436820,Waltz of the Wizard (Legacy demo),https://store.steampowered.com/app/436820/,https://imho.run/games/436820/waltz-of-the-wizard-legacy-demo?utm_source=github,local,2016,1k+
2726450,Windowkill,https://store.steampowered.com/app/2726450/,https://imho.run/games/2726450/windowkill?utm_source=github,local,2024,1k+
1860570,With You,https://store.steampowered.com/app/1860570/,https://imho.run/games/1860570/with-you?utm_source=github,local,2022,1k+
200170,Worms Revolution,https://store.steampowered.com/app/200170/,https://imho.run/games/200170/worms-revolution?utm_source=github,local,2012,1k+
1620340,Wrestling Empire,https://store.steampowered.com/app/1620340/,https://imho.run/games/1620340/wrestling-empire?utm_source=github,local,2021,1k+
400630,Wuppo: Definitive Edition,https://store.steampowered.com/app/400630/,https://imho.run/games/400630/wuppo-definitive-edition?utm_source=github,local,2016,1k+
817130,WWE 2K19,https://store.steampowered.com/app/817130/,https://imho.run/games/817130/wwe-2k19?utm_source=github,local,2018,1k+
1015500,WWE 2K20,https://store.steampowered.com/app/1015500/,https://imho.run/games/1015500/wwe-2k20?utm_source=github,local,2019,1k+
408410,X-Morph: Defense,https://store.steampowered.com/app/408410/,https://imho.run/games/408410/x-morph-defense?utm_source=github,local,2017,1k+
360830,Yooka-Laylee,https://store.steampowered.com/app/360830/,https://imho.run/games/360830/yooka-laylee?utm_source=github,local,2017,1k+
579180,Ys VIII: Lacrimosa of DANA,https://store.steampowered.com/app/579180/,https://imho.run/games/579180/ys-viii-lacrimosa-of-dana?utm_source=github,local,2018,1k+
809020,ZeroRanger,https://store.steampowered.com/app/809020/,https://imho.run/games/809020/zeroranger?utm_source=github,local,2018,1k+
603530,A Robot Named Fight!,https://store.steampowered.com/app/603530/,https://imho.run/games/603530/a-robot-named-fight?utm_source=github,local,2017,500+
1817500,Abandoned Archive,https://store.steampowered.com/app/1817500/,https://imho.run/games/1817500/abandoned-archive?utm_source=github,local,2025,500+
919360,Alaloth: Champions of The Four Kingdoms,https://store.steampowered.com/app/919360/,https://imho.run/games/919360/alaloth-champions-of-the-four-kingdoms?utm_source=github,local,2024,500+
1559680,Amazing Frog? 2,https://store.steampowered.com/app/1559680/,https://imho.run/games/1559680/amazing-frog-2?utm_source=github,local,2022,500+
1388870,Arcade Paradise,https://store.steampowered.com/app/1388870/,https://imho.run/games/1388870/arcade-paradise?utm_source=github,local,2022,500+
866140,Arise: A Simple Story,https://store.steampowered.com/app/866140/,https://imho.run/games/866140/arise-a-simple-story?utm_source=github,local,2020,500+
250110,Assault Android Cactus+,https://store.steampowered.com/app/250110/,https://imho.run/games/250110/assault-android-cactus?utm_source=github,local,2015,500+
55040,Atom Zombie Smasher,https://store.steampowered.com/app/55040/,https://imho.run/games/55040/atom-zombie-smasher?utm_source=github,local,2011,500+
1269690,Attack on Toys,https://store.steampowered.com/app/1269690/,https://imho.run/games/1269690/attack-on-toys?utm_source=github,local,2021,500+
1695830,Baldur's Gate: Dark Alliance,https://store.steampowered.com/app/1695830/,https://imho.run/games/1695830/baldur-s-gate-dark-alliance?utm_source=github,local,2021,500+
1244950,Battletoads,https://store.steampowered.com/app/1244950/,https://imho.run/games/1244950/battletoads?utm_source=github,local,2020,500+
618740,Beat Hazard 2,https://store.steampowered.com/app/618740/,https://imho.run/games/618740/beat-hazard-2?utm_source=github,local,2019,500+
1329510,Big Farm Story,https://store.steampowered.com/app/1329510/,https://imho.run/games/1329510/big-farm-story?utm_source=github,local,2021,500+
1929290,Bits & Bops,https://store.steampowered.com/app/1929290/,https://imho.run/games/1929290/bits-bops?utm_source=github,local,2025,500+
1034900,Blaster Master Zero,https://store.steampowered.com/app/1034900/,https://imho.run/games/1034900/blaster-master-zero?utm_source=github,local,2019,500+
585710,Blazing Beaks,https://store.steampowered.com/app/585710/,https://imho.run/games/585710/blazing-beaks?utm_source=github,local,2019,500+
609110,Blazing Chrome,https://store.steampowered.com/app/609110/,https://imho.run/games/609110/blazing-chrome?utm_source=github,local,2019,500+
1257360,Bloodstained: Curse of the Moon 2,https://store.steampowered.com/app/1257360/,https://imho.run/games/1257360/bloodstained-curse-of-the-moon-2?utm_source=github,local,2020,500+
965680,Boomerang Fu,https://store.steampowered.com/app/965680/,https://imho.run/games/965680/boomerang-fu?utm_source=github,local,2020,500+
241410,CastleStorm,https://store.steampowered.com/app/241410/,https://imho.run/games/241410/castlestorm?utm_source=github,local,2013,500+
602700,Chippy,https://store.steampowered.com/app/602700/,https://imho.run/games/602700/chippy?utm_source=github,local,2019,500+
940710,Colt Canyon,https://store.steampowered.com/app/940710/,https://imho.run/games/940710/colt-canyon?utm_source=github,local,2020,500+
262830,Crimsonland,https://store.steampowered.com/app/262830/,https://imho.run/games/262830/crimsonland?utm_source=github,local,2014,500+
344740,CRYPTARK,https://store.steampowered.com/app/344740/,https://imho.run/games/344740/cryptark?utm_source=github,local,2017,500+
846800,Diner Bros,https://store.steampowered.com/app/846800/,https://imho.run/games/846800/diner-bros?utm_source=github,local,2018,500+
383230,Dungeon Souls,https://store.steampowered.com/app/383230/,https://imho.run/games/383230/dungeon-souls?utm_source=github,local,2016,500+
968790,DYNASTY WARRIORS 7: Xtreme Legends Definitive Edition,https://store.steampowered.com/app/968790/,https://imho.run/games/968790/dynasty-warriors-7-xtreme-legends-definitive-edition?utm_source=github,local,2018,500+
322520,DYNASTY WARRIORS 8 Empires,https://store.steampowered.com/app/322520/,https://imho.run/games/322520/dynasty-warriors-8-empires?utm_source=github,local,2015,500+
791470,DYO,https://store.steampowered.com/app/791470/,https://imho.run/games/791470/dyo?utm_source=github,local,2018,500+
232050,Eador. Masters of the Broken World,https://store.steampowered.com/app/232050/,https://imho.run/games/232050/eador-masters-of-the-broken-world?utm_source=github,local,2013,500+
250560,Fight The Dragon,https://store.steampowered.com/app/250560/,https://imho.run/games/250560/fight-the-dragon?utm_source=github,local,2014,500+
2105910,Garbanzo Quest,https://store.steampowered.com/app/2105910/,https://imho.run/games/2105910/garbanzo-quest?utm_source=github,local,2024,500+
1375400,Ghosts 'n Goblins Resurrection,https://store.steampowered.com/app/1375400/,https://imho.run/games/1375400/ghosts-n-goblins-resurrection?utm_source=github,local,2021,500+
2218400,Greedland,https://store.steampowered.com/app/2218400/,https://imho.run/games/2218400/greedland?utm_source=github,local,2025,500+
3009850,Hard Time III,https://store.steampowered.com/app/3009850/,https://imho.run/games/3009850/hard-time-iii?utm_source=github,local,2024,500+
303590,Hidden in Plain Sight,https://store.steampowered.com/app/303590/,https://imho.run/games/303590/hidden-in-plain-sight?utm_source=github,local,2014,500+
94200,Jamestown,https://store.steampowered.com/app/94200/,https://imho.run/games/94200/jamestown?utm_source=github,local,2011,500+
1740930,JellyCar Worlds,https://store.steampowered.com/app/1740930/,https://imho.run/games/1740930/jellycar-worlds?utm_source=github,local,2022,500+
830820,Jets'n'Guns 2,https://store.steampowered.com/app/830820/,https://imho.run/games/830820/jets-n-guns-2?utm_source=github,local,2020,500+
1356280,Kitaria Fables,https://store.steampowered.com/app/1356280/,https://imho.run/games/1356280/kitaria-fables?utm_source=github,local,2021,500+
399820,Kopanito All-Stars Soccer,https://store.steampowered.com/app/399820/,https://imho.run/games/399820/kopanito-all-stars-soccer?utm_source=github,local,2016,500+
1106340,Legend Bowl,https://store.steampowered.com/app/1106340/,https://imho.run/games/1106340/legend-bowl?utm_source=github,local,2021,500+
238280,Legend of Dungeon,https://store.steampowered.com/app/238280/,https://imho.run/games/238280/legend-of-dungeon?utm_source=github,local,2013,500+
1175830,Legend of Mana,https://store.steampowered.com/app/1175830/,https://imho.run/games/1175830/legend-of-mana?utm_source=github,local,2021,500+
1451810,LEGO® 2K Drive,https://store.steampowered.com/app/1451810/,https://imho.run/games/1451810/lego-2k-drive?utm_source=github,local,2023,500+
2950340,LEGO® Harry Potter™ Collection,https://store.steampowered.com/app/2950340/,https://imho.run/games/2950340/lego-harry-potter-collection?utm_source=github,local,2024,500+
818320,LEGO® The Incredibles,https://store.steampowered.com/app/818320/,https://imho.run/games/818320/lego-the-incredibles?utm_source=github,local,2018,500+
792710,Levelhead,https://store.steampowered.com/app/792710/,https://imho.run/games/792710/levelhead?utm_source=github,local,2020,500+
1713810,Lumencraft,https://store.steampowered.com/app/1713810/,https://imho.run/games/1713810/lumencraft?utm_source=github,local,2023,500+
504130,Manual Samuel - Last Tuesday Edition,https://store.steampowered.com/app/504130/,https://imho.run/games/504130/manual-samuel-last-tuesday-edition?utm_source=github,local,2016,500+
996770,Moving Out,https://store.steampowered.com/app/996770/,https://imho.run/games/996770/moving-out?utm_source=github,local,2020,500+
529520,Mutant Football League,https://store.steampowered.com/app/529520/,https://imho.run/games/529520/mutant-football-league?utm_source=github,local,2017,500+
2328750,My Little Universe,https://store.steampowered.com/app/2328750/,https://imho.run/games/2328750/my-little-universe?utm_source=github,local,2023,500+
404540,Nex Machina,https://store.steampowered.com/app/404540/,https://imho.run/games/404540/nex-machina?utm_source=github,local,2017,500+
2225960,Noobs Are Coming,https://store.steampowered.com/app/2225960/,https://imho.run/games/2225960/noobs-are-coming?utm_source=github,local,2025,500+
770100,One Deck Dungeon,https://store.steampowered.com/app/770100/,https://imho.run/games/770100/one-deck-dungeon?utm_source=github,local,2018,500+
1057640,Onirism,https://store.steampowered.com/app/1057640/,https://imho.run/games/1057640/onirism?utm_source=github,local,2025,500+
455400,PAC-MAN 256,https://store.steampowered.com/app/455400/,https://imho.run/games/455400/pac-man-256?utm_source=github,local,2016,500+
2324290,PAC-MAN WORLD 2 Re-PAC,https://store.steampowered.com/app/2324290/,https://imho.run/games/2324290/pac-man-world-2-re-pac?utm_source=github,local,2025,500+
214870,Painkiller Hell & Damnation,https://store.steampowered.com/app/214870/,https://imho.run/games/214870/painkiller-hell-damnation?utm_source=github,local,2012,500+
295690,PARTICLE MACE,https://store.steampowered.com/app/295690/,https://imho.run/games/295690/particle-mace?utm_source=github,local,2015,500+
572430,Party Hard 2,https://store.steampowered.com/app/572430/,https://imho.run/games/572430/party-hard-2?utm_source=github,local,2018,500+
1951230,Pizza Possum,https://store.steampowered.com/app/1951230/,https://imho.run/games/1951230/pizza-possum?utm_source=github,local,2023,500+
349730,Popup Dungeon,https://store.steampowered.com/app/349730/,https://imho.run/games/349730/popup-dungeon?utm_source=github,local,2020,500+
447290,Redeemer: Enhanced Edition,https://store.steampowered.com/app/447290/,https://imho.run/games/447290/redeemer-enhanced-edition?utm_source=github,local,2017,500+
342310,RIOT: Civil Unrest,https://store.steampowered.com/app/342310/,https://imho.run/games/342310/riot-civil-unrest?utm_source=github,local,2019,500+
348470,SAMURAI WARRIORS 4-II,https://store.steampowered.com/app/348470/,https://imho.run/games/348470/samurai-warriors-4-ii?utm_source=github,local,2015,500+
2179380,Sand:box,https://store.steampowered.com/app/2179380/,https://imho.run/games/2179380/sand-box?utm_source=github,local,2023,500+
102840,Shank 2,https://store.steampowered.com/app/102840/,https://imho.run/games/102840/shank-2?utm_source=github,local,2012,500+
381020,Sky Rogue,https://store.steampowered.com/app/381020/,https://imho.run/games/381020/sky-rogue?utm_source=github,local,2017,500+
2055290,Sonic Colors: Ultimate,https://store.steampowered.com/app/2055290/,https://imho.run/games/2055290/sonic-colors-ultimate?utm_source=github,local,2023,500+
281920,Splatter - Zombiecalypse Now,https://store.steampowered.com/app/281920/,https://imho.run/games/281920/splatter-zombiecalypse-now?utm_source=github,local,2014,500+
7800,Stubbs the Zombie in Rebel Without a Pulse,https://store.steampowered.com/app/7800/,https://imho.run/games/7800/stubbs-the-zombie-in-rebel-without-a-pulse?utm_source=github,local,2021,500+
532190,Super Blood Hockey,https://store.steampowered.com/app/532190/,https://imho.run/games/532190/super-blood-hockey?utm_source=github,local,2017,500+
314070,Super Mega Baseball: Extra Innings,https://store.steampowered.com/app/314070/,https://imho.run/games/314070/super-mega-baseball-extra-innings?utm_source=github,local,2015,500+
1016180,Terror of Hemasaurus,https://store.steampowered.com/app/1016180/,https://imho.run/games/1016180/terror-of-hemasaurus?utm_source=github,local,2022,500+
3823460,That One Otter Game,https://store.steampowered.com/app/3823460/,https://imho.run/games/3823460/that-one-otter-game?utm_source=github,local,2025,500+
396710,The Adventure Pals,https://store.steampowered.com/app/396710/,https://imho.run/games/396710/the-adventure-pals?utm_source=github,local,2018,500+
353700,The Deadly Tower of Monsters,https://store.steampowered.com/app/353700/,https://imho.run/games/353700/the-deadly-tower-of-monsters?utm_source=github,local,2016,500+
1850960,The Jackbox Party Pack 9,https://store.steampowered.com/app/1850960/,https://imho.run/games/1850960/the-jackbox-party-pack-9?utm_source=github,local,2022,500+
222440,THE KING OF FIGHTERS 2002 UNLIMITED MATCH,https://store.steampowered.com/app/222440/,https://imho.run/games/222440/the-king-of-fighters-2002-unlimited-match?utm_source=github,local,2015,500+
640590,The LEGO® NINJAGO® Movie Video Game,https://store.steampowered.com/app/640590/,https://imho.run/games/640590/the-lego-ninjago-movie-video-game?utm_source=github,local,2017,500+
3983810,The Spike Cross,https://store.steampowered.com/app/3983810/,https://imho.run/games/3983810/the-spike-cross?utm_source=github,local,2025,500+
619780,The Swords of Ditto: Mormo's Curse,https://store.steampowered.com/app/619780/,https://imho.run/games/619780/the-swords-of-ditto-mormo-s-curse?utm_source=github,local,2018,500+
418620,The TakeOver,https://store.steampowered.com/app/418620/,https://imho.run/games/418620/the-takeover?utm_source=github,local,2019,500+
294140,They Breathe,https://store.steampowered.com/app/294140/,https://imho.run/games/294140/they-breathe?utm_source=github,local,2014,500+
6080,Thrillville®: Off the Rails™,https://store.steampowered.com/app/6080/,https://imho.run/games/6080/thrillville-off-the-rails?utm_source=github,local,2009,500+
1785650,TopSpin 2K25,https://store.steampowered.com/app/1785650/,https://imho.run/games/1785650/topspin-2k25?utm_source=github,local,2024,500+
262120,Toy Soldiers: Complete,https://store.steampowered.com/app/262120/,https://imho.run/games/262120/toy-soldiers-complete?utm_source=github,local,2016,500+
1664220,TRAIL OUT,https://store.steampowered.com/app/1664220/,https://imho.run/games/1664220/trail-out?utm_source=github,local,2022,500+
1582680,"Trolley Problem, Inc.",https://store.steampowered.com/app/1582680/,https://imho.run/games/1582680/trolley-problem-inc?utm_source=github,local,2022,500+
1094390,Waltz of the Wizard,https://store.steampowered.com/app/1094390/,https://imho.run/games/1094390/waltz-of-the-wizard?utm_source=github,local,2019,500+
3874440,Wires And Whiskers,https://store.steampowered.com/app/3874440/,https://imho.run/games/3874440/wires-and-whiskers?utm_source=github,local,2025,500+
385730,WWE 2K16,https://store.steampowered.com/app/385730/,https://imho.run/games/385730/wwe-2k16?utm_source=github,local,2016,500+
510510,WWE 2K17,https://store.steampowered.com/app/510510/,https://imho.run/games/510510/wwe-2k17?utm_source=github,local,2017,500+
664430,WWE 2K18,https://store.steampowered.com/app/664430/,https://imho.run/games/664430/wwe-2k18?utm_source=github,local,2017,500+
1351630,Ys IX: Monstrum Nox,https://store.steampowered.com/app/1351630/,https://imho.run/games/1351630/ys-ix-monstrum-nox?utm_source=github,local,2021,500+
2731870,Ys X: Nordics,https://store.steampowered.com/app/2731870/,https://imho.run/games/2731870/ys-x-nordics?utm_source=github,local,2024,500+
